sample_idx,filename,filepath,true_label,true_class,predicted_label,predicted_class,prob_pneumonia,confidence,is_correct
0,IM-0001-0001.jpeg,C:\Users\lohit\Downloads\archive\chest_xray\test\NORMAL\IM-0001-0001.jpeg,0,NORMAL,0,NORMAL,0.3674091696739197,0.6325908899307251,True
1,IM-0003-0001.jpeg,C:\Users\lohit\Downloads\archive\chest_xray\test\NORMAL\IM-0003-0001.jpeg,0,NORMAL,0,NORMAL,0.3213590085506439,0.6786409616470337,True
2,IM-0005-0001.jpeg,C:\Users\lohit\Downloads\archive\chest_xray\test\NORMAL\IM-0005-0001.jpeg,0,NORMAL,0,NORMAL,0.33937880396842957,0.6606212258338928,True
3,IM-0006-0001.jpeg,C:\Users\lohit\Downloads\archive\chest_xray\test\NORMAL\IM-0006-0001.jpeg,0,NORMAL,1,PNEUMONIA,0.5350066423416138,0.5350066423416138,False
4,IM-0007-0001.jpeg,C:\Users\lohit\Downloads\archive\chest_xray\test\NORMAL\IM-0007-0001.jpeg,0,NORMAL,0,NORMAL,0.355439156293869,0.6445608139038086,True
5,IM-0009-0001.jpeg,C:\Users\lohit\Downloads\archive\chest_xray\test\NORMAL\IM-0009-0001.jpeg,0,NORMAL,0,NORMAL,0.16521984338760376,0.8347801566123962,True
6,IM-0010-0001.jpeg,C:\Users\lohit\Downloads\archive\chest_xray\test\NORMAL\IM-0010-0001.jpeg,0,NORMAL,0,NORMAL,0.4282521903514862,0.5717477798461914,True
7,IM-0011-0001-0001.jpeg,C:\Users\lohit\Downloads\archive\chest_xray\test\NORMAL\IM-0011-0001-0001.jpeg,0,NORMAL,1,PNEUMONIA,0.6496370434761047,0.6496370434761047,False
8,IM-0011-0001-0002.jpeg,C:\Users\lohit\Downloads\archive\chest_xray\test\NORMAL\IM-0011-0001-0002.jpeg,0,NORMAL,0,NORMAL,0.4138738512992859,0.5861262083053589,True
9,IM-0011-0001.jpeg,C:\Users\lohit\Downloads\archive\chest_xray\test\NORMAL\IM-0011-0001.jpeg,0,NORMAL,0,NORMAL,0.36901330947875977,0.6309866905212402,True
10,IM-0013-0001.jpeg,C:\Users\lohit\Downloads\archive\chest_xray\test\NORMAL\IM-0013-0001.jpeg,0,NORMAL,1,PNEUMONIA,0.5865292549133301,0.5865292549133301,False
11,IM-0015-0001.jpeg,C:\Users\lohit\Downloads\archive\chest_xray\test\NORMAL\IM-0015-0001.jpeg,0,NORMAL,0,NORMAL,0.41163650155067444,0.588363528251648,True
12,IM-0016-0001.jpeg,C:\Users\lohit\Downloads\archive\chest_xray\test\NORMAL\IM-0016-0001.jpeg,0,NORMAL,0,NORMAL,0.4665556848049164,0.5334442853927612,True
13,IM-0017-0001.jpeg,C:\Users\lohit\Downloads\archive\chest_xray\test\NORMAL\IM-0017-0001.jpeg,0,NORMAL,1,PNEUMONIA,0.5961877107620239,0.5961877107620239,False
14,IM-0019-0001.jpeg,C:\Users\lohit\Downloads\archive\chest_xray\test\NORMAL\IM-0019-0001.jpeg,0,NORMAL,0,NORMAL,0.43481820821762085,0.5651817321777344,True
15,IM-0021-0001.jpeg,C:\Users\lohit\Downloads\archive\chest_xray\test\NORMAL\IM-0021-0001.jpeg,0,NORMAL,0,NORMAL,0.4170389771461487,0.5829610228538513,True
16,IM-0022-0001.jpeg,C:\Users\lohit\Downloads\archive\chest_xray\test\NORMAL\IM-0022-0001.jpeg,0,NORMAL,1,PNEUMONIA,0.6223458051681519,0.6223458051681519,False
17,IM-0023-0001.jpeg,C:\Users\lohit\Downloads\archive\chest_xray\test\NORMAL\IM-0023-0001.jpeg,0,NORMAL,0,NORMAL,0.4926595985889435,0.5073403716087341,True
18,IM-0025-0001.jpeg,C:\Users\lohit\Downloads\archive\chest_xray\test\NORMAL\IM-0025-0001.jpeg,0,NORMAL,0,NORMAL,0.4926963150501251,0.5073036551475525,True
19,IM-0027-0001.jpeg,C:\Users\lohit\Downloads\archive\chest_xray\test\NORMAL\IM-0027-0001.jpeg,0,NORMAL,0,NORMAL,0.4346001148223877,0.5653999447822571,True
20,IM-0028-0001.jpeg,C:\Users\lohit\Downloads\archive\chest_xray\test\NORMAL\IM-0028-0001.jpeg,0,NORMAL,1,PNEUMONIA,0.5825049877166748,0.5825049877166748,False
21,IM-0029-0001.jpeg,C:\Users\lohit\Downloads\archive\chest_xray\test\NORMAL\IM-0029-0001.jpeg,0,NORMAL,1,PNEUMONIA,0.5348895788192749,0.5348895788192749,False
22,IM-0030-0001.jpeg,C:\Users\lohit\Downloads\archive\chest_xray\test\NORMAL\IM-0030-0001.jpeg,0,NORMAL,0,NORMAL,0.4767504334449768,0.5232495665550232,True
23,IM-0031-0001.jpeg,C:\Users\lohit\Downloads\archive\chest_xray\test\NORMAL\IM-0031-0001.jpeg,0,NORMAL,0,NORMAL,0.36531075835227966,0.6346892714500427,True
24,IM-0033-0001-0001.jpeg,C:\Users\lohit\Downloads\archive\chest_xray\test\NORMAL\IM-0033-0001-0001.jpeg,0,NORMAL,0,NORMAL,0.302940309047699,0.697059690952301,True
25,IM-0033-0001-0002.jpeg,C:\Users\lohit\Downloads\archive\chest_xray\test\NORMAL\IM-0033-0001-0002.jpeg,0,NORMAL,0,NORMAL,0.3225262761116028,0.6774736642837524,True
26,IM-0033-0001.jpeg,C:\Users\lohit\Downloads\archive\chest_xray\test\NORMAL\IM-0033-0001.jpeg,0,NORMAL,0,NORMAL,0.37607401609420776,0.623926043510437,True
27,IM-0035-0001.jpeg,C:\Users\lohit\Downloads\archive\chest_xray\test\NORMAL\IM-0035-0001.jpeg,0,NORMAL,0,NORMAL,0.408330500125885,0.591669499874115,True
28,IM-0036-0001.jpeg,C:\Users\lohit\Downloads\archive\chest_xray\test\NORMAL\IM-0036-0001.jpeg,0,NORMAL,0,NORMAL,0.3855622112751007,0.6144377589225769,True
29,IM-0037-0001.jpeg,C:\Users\lohit\Downloads\archive\chest_xray\test\NORMAL\IM-0037-0001.jpeg,0,NORMAL,0,NORMAL,0.40878593921661377,0.5912140011787415,True
30,IM-0039-0001.jpeg,C:\Users\lohit\Downloads\archive\chest_xray\test\NORMAL\IM-0039-0001.jpeg,0,NORMAL,0,NORMAL,0.3850162625312805,0.6149837374687195,True
31,IM-0041-0001.jpeg,C:\Users\lohit\Downloads\archive\chest_xray\test\NORMAL\IM-0041-0001.jpeg,0,NORMAL,0,NORMAL,0.43920791149139404,0.5607921481132507,True
32,IM-0043-0001.jpeg,C:\Users\lohit\Downloads\archive\chest_xray\test\NORMAL\IM-0043-0001.jpeg,0,NORMAL,0,NORMAL,0.26466912031173706,0.7353309392929077,True
33,IM-0045-0001.jpeg,C:\Users\lohit\Downloads\archive\chest_xray\test\NORMAL\IM-0045-0001.jpeg,0,NORMAL,0,NORMAL,0.4852663576602936,0.5147337317466736,True
34,IM-0046-0001.jpeg,C:\Users\lohit\Downloads\archive\chest_xray\test\NORMAL\IM-0046-0001.jpeg,0,NORMAL,0,NORMAL,0.41526782512664795,0.5847322344779968,True
35,IM-0049-0001.jpeg,C:\Users\lohit\Downloads\archive\chest_xray\test\NORMAL\IM-0049-0001.jpeg,0,NORMAL,0,NORMAL,0.22040776908397675,0.7795922160148621,True
36,IM-0050-0001.jpeg,C:\Users\lohit\Downloads\archive\chest_xray\test\NORMAL\IM-0050-0001.jpeg,0,NORMAL,0,NORMAL,0.2306978553533554,0.7693021297454834,True
37,IM-0059-0001.jpeg,C:\Users\lohit\Downloads\archive\chest_xray\test\NORMAL\IM-0059-0001.jpeg,0,NORMAL,0,NORMAL,0.23637673258781433,0.7636232972145081,True
38,IM-0061-0001.jpeg,C:\Users\lohit\Downloads\archive\chest_xray\test\NORMAL\IM-0061-0001.jpeg,0,NORMAL,0,NORMAL,0.22552244365215302,0.7744775414466858,True
39,IM-0063-0001.jpeg,C:\Users\lohit\Downloads\archive\chest_xray\test\NORMAL\IM-0063-0001.jpeg,0,NORMAL,0,NORMAL,0.23100294172763824,0.7689971327781677,True
40,IM-0065-0001.jpeg,C:\Users\lohit\Downloads\archive\chest_xray\test\NORMAL\IM-0065-0001.jpeg,0,NORMAL,0,NORMAL,0.22961172461509705,0.7703882455825806,True
41,IM-0067-0001.jpeg,C:\Users\lohit\Downloads\archive\chest_xray\test\NORMAL\IM-0067-0001.jpeg,0,NORMAL,0,NORMAL,0.28986501693725586,0.7101349830627441,True
42,IM-0069-0001.jpeg,C:\Users\lohit\Downloads\archive\chest_xray\test\NORMAL\IM-0069-0001.jpeg,0,NORMAL,0,NORMAL,0.19213126599788666,0.8078687191009521,True
43,IM-0070-0001.jpeg,C:\Users\lohit\Downloads\archive\chest_xray\test\NORMAL\IM-0070-0001.jpeg,0,NORMAL,0,NORMAL,0.2011643350124359,0.7988356351852417,True
44,IM-0071-0001.jpeg,C:\Users\lohit\Downloads\archive\chest_xray\test\NORMAL\IM-0071-0001.jpeg,0,NORMAL,0,NORMAL,0.36578568816185,0.6342142820358276,True
45,IM-0073-0001.jpeg,C:\Users\lohit\Downloads\archive\chest_xray\test\NORMAL\IM-0073-0001.jpeg,0,NORMAL,0,NORMAL,0.4598987102508545,0.5401013493537903,True
46,IM-0075-0001.jpeg,C:\Users\lohit\Downloads\archive\chest_xray\test\NORMAL\IM-0075-0001.jpeg,0,NORMAL,0,NORMAL,0.29090479016304016,0.7090952396392822,True
47,IM-0077-0001.jpeg,C:\Users\lohit\Downloads\archive\chest_xray\test\NORMAL\IM-0077-0001.jpeg,0,NORMAL,0,NORMAL,0.4745149612426758,0.5254850387573242,True
48,IM-0079-0001.jpeg,C:\Users\lohit\Downloads\archive\chest_xray\test\NORMAL\IM-0079-0001.jpeg,0,NORMAL,0,NORMAL,0.38337522745132446,0.6166247725486755,True
49,IM-0081-0001.jpeg,C:\Users\lohit\Downloads\archive\chest_xray\test\NORMAL\IM-0081-0001.jpeg,0,NORMAL,0,NORMAL,0.3555735647678375,0.6444265246391296,True
50,IM-0083-0001.jpeg,C:\Users\lohit\Downloads\archive\chest_xray\test\NORMAL\IM-0083-0001.jpeg,0,NORMAL,0,NORMAL,0.3169749975204468,0.6830249428749084,True
51,IM-0084-0001.jpeg,C:\Users\lohit\Downloads\archive\chest_xray\test\NORMAL\IM-0084-0001.jpeg,0,NORMAL,0,NORMAL,0.17248249053955078,0.8275175094604492,True
52,IM-0085-0001.jpeg,C:\Users\lohit\Downloads\archive\chest_xray\test\NORMAL\IM-0085-0001.jpeg,0,NORMAL,0,NORMAL,0.2607479691505432,0.739251971244812,True
53,IM-0086-0001.jpeg,C:\Users\lohit\Downloads\archive\chest_xray\test\NORMAL\IM-0086-0001.jpeg,0,NORMAL,0,NORMAL,0.22020894289016724,0.779790997505188,True
54,IM-0087-0001.jpeg,C:\Users\lohit\Downloads\archive\chest_xray\test\NORMAL\IM-0087-0001.jpeg,0,NORMAL,0,NORMAL,0.1819458156824112,0.8180541396141052,True
55,IM-0089-0001.jpeg,C:\Users\lohit\Downloads\archive\chest_xray\test\NORMAL\IM-0089-0001.jpeg,0,NORMAL,0,NORMAL,0.18971310555934906,0.8102869391441345,True
56,IM-0091-0001.jpeg,C:\Users\lohit\Downloads\archive\chest_xray\test\NORMAL\IM-0091-0001.jpeg,0,NORMAL,0,NORMAL,0.3261929750442505,0.6738070249557495,True
57,IM-0093-0001.jpeg,C:\Users\lohit\Downloads\archive\chest_xray\test\NORMAL\IM-0093-0001.jpeg,0,NORMAL,0,NORMAL,0.33919471502304077,0.6608052849769592,True
58,IM-0095-0001.jpeg,C:\Users\lohit\Downloads\archive\chest_xray\test\NORMAL\IM-0095-0001.jpeg,0,NORMAL,0,NORMAL,0.2107025533914566,0.7892974019050598,True
59,IM-0097-0001.jpeg,C:\Users\lohit\Downloads\archive\chest_xray\test\NORMAL\IM-0097-0001.jpeg,0,NORMAL,0,NORMAL,0.2943846583366394,0.7056152820587158,True
60,IM-0099-0001.jpeg,C:\Users\lohit\Downloads\archive\chest_xray\test\NORMAL\IM-0099-0001.jpeg,0,NORMAL,0,NORMAL,0.07977812737226486,0.9202218651771545,True
61,IM-0101-0001.jpeg,C:\Users\lohit\Downloads\archive\chest_xray\test\NORMAL\IM-0101-0001.jpeg,0,NORMAL,0,NORMAL,0.2620292901992798,0.737970769405365,True
62,IM-0102-0001.jpeg,C:\Users\lohit\Downloads\archive\chest_xray\test\NORMAL\IM-0102-0001.jpeg,0,NORMAL,0,NORMAL,0.2957659065723419,0.7042341232299805,True
63,IM-0103-0001.jpeg,C:\Users\lohit\Downloads\archive\chest_xray\test\NORMAL\IM-0103-0001.jpeg,0,NORMAL,0,NORMAL,0.10400217026472092,0.8959978818893433,True
64,IM-0105-0001.jpeg,C:\Users\lohit\Downloads\archive\chest_xray\test\NORMAL\IM-0105-0001.jpeg,0,NORMAL,0,NORMAL,0.25603073835372925,0.7439693212509155,True
65,IM-0107-0001.jpeg,C:\Users\lohit\Downloads\archive\chest_xray\test\NORMAL\IM-0107-0001.jpeg,0,NORMAL,0,NORMAL,0.17415045201778412,0.8258495330810547,True
66,IM-0109-0001.jpeg,C:\Users\lohit\Downloads\archive\chest_xray\test\NORMAL\IM-0109-0001.jpeg,0,NORMAL,0,NORMAL,0.36019012331962585,0.6398098468780518,True
67,IM-0110-0001.jpeg,C:\Users\lohit\Downloads\archive\chest_xray\test\NORMAL\IM-0110-0001.jpeg,0,NORMAL,0,NORMAL,0.40430986881256104,0.5956901907920837,True
68,IM-0111-0001.jpeg,C:\Users\lohit\Downloads\archive\chest_xray\test\NORMAL\IM-0111-0001.jpeg,0,NORMAL,0,NORMAL,0.3126419186592102,0.6873580813407898,True
69,NORMAL2-IM-0007-0001.jpeg,C:\Users\lohit\Downloads\archive\chest_xray\test\NORMAL\NORMAL2-IM-0007-0001.jpeg,0,NORMAL,0,NORMAL,0.4622165858745575,0.5377833843231201,True
70,NORMAL2-IM-0012-0001.jpeg,C:\Users\lohit\Downloads\archive\chest_xray\test\NORMAL\NORMAL2-IM-0012-0001.jpeg,0,NORMAL,0,NORMAL,0.3141788840293884,0.6858210563659668,True
71,NORMAL2-IM-0013-0001.jpeg,C:\Users\lohit\Downloads\archive\chest_xray\test\NORMAL\NORMAL2-IM-0013-0001.jpeg,0,NORMAL,0,NORMAL,0.3241729438304901,0.6758270263671875,True
72,NORMAL2-IM-0019-0001.jpeg,C:\Users\lohit\Downloads\archive\chest_xray\test\NORMAL\NORMAL2-IM-0019-0001.jpeg,0,NORMAL,1,PNEUMONIA,0.5113142132759094,0.5113142132759094,False
73,NORMAL2-IM-0023-0001.jpeg,C:\Users\lohit\Downloads\archive\chest_xray\test\NORMAL\NORMAL2-IM-0023-0001.jpeg,0,NORMAL,0,NORMAL,0.19935955107212067,0.8006404638290405,True
74,NORMAL2-IM-0027-0001.jpeg,C:\Users\lohit\Downloads\archive\chest_xray\test\NORMAL\NORMAL2-IM-0027-0001.jpeg,0,NORMAL,0,NORMAL,0.3064795136451721,0.6935205459594727,True
75,NORMAL2-IM-0028-0001.jpeg,C:\Users\lohit\Downloads\archive\chest_xray\test\NORMAL\NORMAL2-IM-0028-0001.jpeg,0,NORMAL,0,NORMAL,0.3689996004104614,0.6310003995895386,True
76,NORMAL2-IM-0029-0001.jpeg,C:\Users\lohit\Downloads\archive\chest_xray\test\NORMAL\NORMAL2-IM-0029-0001.jpeg,0,NORMAL,0,NORMAL,0.23138467967510223,0.7686153650283813,True
77,NORMAL2-IM-0030-0001.jpeg,C:\Users\lohit\Downloads\archive\chest_xray\test\NORMAL\NORMAL2-IM-0030-0001.jpeg,0,NORMAL,1,PNEUMONIA,0.5236135125160217,0.5236135125160217,False
78,NORMAL2-IM-0033-0001.jpeg,C:\Users\lohit\Downloads\archive\chest_xray\test\NORMAL\NORMAL2-IM-0033-0001.jpeg,0,NORMAL,0,NORMAL,0.21089990437030792,0.789100170135498,True
79,NORMAL2-IM-0035-0001.jpeg,C:\Users\lohit\Downloads\archive\chest_xray\test\NORMAL\NORMAL2-IM-0035-0001.jpeg,0,NORMAL,0,NORMAL,0.14424720406532288,0.8557528257369995,True
80,NORMAL2-IM-0041-0001.jpeg,C:\Users\lohit\Downloads\archive\chest_xray\test\NORMAL\NORMAL2-IM-0041-0001.jpeg,0,NORMAL,0,NORMAL,0.3639291822910309,0.6360707879066467,True
81,NORMAL2-IM-0045-0001.jpeg,C:\Users\lohit\Downloads\archive\chest_xray\test\NORMAL\NORMAL2-IM-0045-0001.jpeg,0,NORMAL,0,NORMAL,0.12416792660951614,0.8758321404457092,True
82,NORMAL2-IM-0051-0001.jpeg,C:\Users\lohit\Downloads\archive\chest_xray\test\NORMAL\NORMAL2-IM-0051-0001.jpeg,0,NORMAL,0,NORMAL,0.18700379133224487,0.8129962086677551,True
83,NORMAL2-IM-0052-0001.jpeg,C:\Users\lohit\Downloads\archive\chest_xray\test\NORMAL\NORMAL2-IM-0052-0001.jpeg,0,NORMAL,1,PNEUMONIA,0.5761287212371826,0.5761287212371826,False
84,NORMAL2-IM-0058-0001.jpeg,C:\Users\lohit\Downloads\archive\chest_xray\test\NORMAL\NORMAL2-IM-0058-0001.jpeg,0,NORMAL,0,NORMAL,0.14534254372119904,0.8546574115753174,True
85,NORMAL2-IM-0059-0001.jpeg,C:\Users\lohit\Downloads\archive\chest_xray\test\NORMAL\NORMAL2-IM-0059-0001.jpeg,0,NORMAL,0,NORMAL,0.4427282214164734,0.5572717189788818,True
86,NORMAL2-IM-0060-0001.jpeg,C:\Users\lohit\Downloads\archive\chest_xray\test\NORMAL\NORMAL2-IM-0060-0001.jpeg,0,NORMAL,0,NORMAL,0.23377032577991486,0.7662296891212463,True
87,NORMAL2-IM-0066-0001.jpeg,C:\Users\lohit\Downloads\archive\chest_xray\test\NORMAL\NORMAL2-IM-0066-0001.jpeg,0,NORMAL,0,NORMAL,0.22842544317245483,0.7715745568275452,True
88,NORMAL2-IM-0072-0001.jpeg,C:\Users\lohit\Downloads\archive\chest_xray\test\NORMAL\NORMAL2-IM-0072-0001.jpeg,0,NORMAL,0,NORMAL,0.3793368935585022,0.6206631660461426,True
89,NORMAL2-IM-0073-0001.jpeg,C:\Users\lohit\Downloads\archive\chest_xray\test\NORMAL\NORMAL2-IM-0073-0001.jpeg,0,NORMAL,0,NORMAL,0.4106830358505249,0.5893169045448303,True
90,NORMAL2-IM-0079-0001.jpeg,C:\Users\lohit\Downloads\archive\chest_xray\test\NORMAL\NORMAL2-IM-0079-0001.jpeg,0,NORMAL,0,NORMAL,0.27314135432243347,0.7268587350845337,True
91,NORMAL2-IM-0081-0001.jpeg,C:\Users\lohit\Downloads\archive\chest_xray\test\NORMAL\NORMAL2-IM-0081-0001.jpeg,0,NORMAL,0,NORMAL,0.33176305890083313,0.6682369112968445,True
92,NORMAL2-IM-0086-0001.jpeg,C:\Users\lohit\Downloads\archive\chest_xray\test\NORMAL\NORMAL2-IM-0086-0001.jpeg,0,NORMAL,1,PNEUMONIA,0.5319533944129944,0.5319533944129944,False
93,NORMAL2-IM-0092-0001.jpeg,C:\Users\lohit\Downloads\archive\chest_xray\test\NORMAL\NORMAL2-IM-0092-0001.jpeg,0,NORMAL,0,NORMAL,0.3043002188205719,0.6956997513771057,True
94,NORMAL2-IM-0095-0001.jpeg,C:\Users\lohit\Downloads\archive\chest_xray\test\NORMAL\NORMAL2-IM-0095-0001.jpeg,0,NORMAL,1,PNEUMONIA,0.6126237511634827,0.6126237511634827,False
95,NORMAL2-IM-0096-0001.jpeg,C:\Users\lohit\Downloads\archive\chest_xray\test\NORMAL\NORMAL2-IM-0096-0001.jpeg,0,NORMAL,1,PNEUMONIA,0.6126237511634827,0.6126237511634827,False
96,NORMAL2-IM-0098-0001.jpeg,C:\Users\lohit\Downloads\archive\chest_xray\test\NORMAL\NORMAL2-IM-0098-0001.jpeg,0,NORMAL,0,NORMAL,0.33561256527900696,0.6643874049186707,True
97,NORMAL2-IM-0102-0001.jpeg,C:\Users\lohit\Downloads\archive\chest_xray\test\NORMAL\NORMAL2-IM-0102-0001.jpeg,0,NORMAL,0,NORMAL,0.47916924953460693,0.5208307504653931,True
98,NORMAL2-IM-0105-0001.jpeg,C:\Users\lohit\Downloads\archive\chest_xray\test\NORMAL\NORMAL2-IM-0105-0001.jpeg,0,NORMAL,0,NORMAL,0.2403850108385086,0.7596150040626526,True
99,NORMAL2-IM-0107-0001.jpeg,C:\Users\lohit\Downloads\archive\chest_xray\test\NORMAL\NORMAL2-IM-0107-0001.jpeg,0,NORMAL,0,NORMAL,0.3888199031352997,0.6111800670623779,True
100,NORMAL2-IM-0110-0001.jpeg,C:\Users\lohit\Downloads\archive\chest_xray\test\NORMAL\NORMAL2-IM-0110-0001.jpeg,0,NORMAL,0,NORMAL,0.2009999305009842,0.7990001440048218,True
101,NORMAL2-IM-0111-0001.jpeg,C:\Users\lohit\Downloads\archive\chest_xray\test\NORMAL\NORMAL2-IM-0111-0001.jpeg,0,NORMAL,0,NORMAL,0.4424729645252228,0.5575270056724548,True
102,NORMAL2-IM-0112-0001.jpeg,C:\Users\lohit\Downloads\archive\chest_xray\test\NORMAL\NORMAL2-IM-0112-0001.jpeg,0,NORMAL,0,NORMAL,0.19251208007335663,0.807487964630127,True
103,NORMAL2-IM-0117-0001.jpeg,C:\Users\lohit\Downloads\archive\chest_xray\test\NORMAL\NORMAL2-IM-0117-0001.jpeg,0,NORMAL,1,PNEUMONIA,0.5741614699363708,0.5741614699363708,False
104,NORMAL2-IM-0120-0001.jpeg,C:\Users\lohit\Downloads\archive\chest_xray\test\NORMAL\NORMAL2-IM-0120-0001.jpeg,0,NORMAL,1,PNEUMONIA,0.5044377446174622,0.5044377446174622,False
105,NORMAL2-IM-0123-0001.jpeg,C:\Users\lohit\Downloads\archive\chest_xray\test\NORMAL\NORMAL2-IM-0123-0001.jpeg,0,NORMAL,0,NORMAL,0.3810533881187439,0.6189466118812561,True
106,NORMAL2-IM-0129-0001.jpeg,C:\Users\lohit\Downloads\archive\chest_xray\test\NORMAL\NORMAL2-IM-0129-0001.jpeg,0,NORMAL,0,NORMAL,0.21833576261997223,0.781664252281189,True
107,NORMAL2-IM-0130-0001.jpeg,C:\Users\lohit\Downloads\archive\chest_xray\test\NORMAL\NORMAL2-IM-0130-0001.jpeg,0,NORMAL,0,NORMAL,0.22224266827106476,0.7777574062347412,True
108,NORMAL2-IM-0131-0001.jpeg,C:\Users\lohit\Downloads\archive\chest_xray\test\NORMAL\NORMAL2-IM-0131-0001.jpeg,0,NORMAL,0,NORMAL,0.32315605878829956,0.6768440008163452,True
109,NORMAL2-IM-0132-0001.jpeg,C:\Users\lohit\Downloads\archive\chest_xray\test\NORMAL\NORMAL2-IM-0132-0001.jpeg,0,NORMAL,0,NORMAL,0.48143768310546875,0.518562376499176,True
110,NORMAL2-IM-0135-0001.jpeg,C:\Users\lohit\Downloads\archive\chest_xray\test\NORMAL\NORMAL2-IM-0135-0001.jpeg,0,NORMAL,0,NORMAL,0.28899848461151123,0.7110015153884888,True
111,NORMAL2-IM-0139-0001.jpeg,C:\Users\lohit\Downloads\archive\chest_xray\test\NORMAL\NORMAL2-IM-0139-0001.jpeg,0,NORMAL,0,NORMAL,0.25813451409339905,0.7418655157089233,True
112,NORMAL2-IM-0141-0001.jpeg,C:\Users\lohit\Downloads\archive\chest_xray\test\NORMAL\NORMAL2-IM-0141-0001.jpeg,0,NORMAL,0,NORMAL,0.13276667892932892,0.8672332763671875,True
113,NORMAL2-IM-0145-0001.jpeg,C:\Users\lohit\Downloads\archive\chest_xray\test\NORMAL\NORMAL2-IM-0145-0001.jpeg,0,NORMAL,1,PNEUMONIA,0.5108997225761414,0.5108997225761414,False
114,NORMAL2-IM-0146-0001.jpeg,C:\Users\lohit\Downloads\archive\chest_xray\test\NORMAL\NORMAL2-IM-0146-0001.jpeg,0,NORMAL,0,NORMAL,0.32822221517562866,0.6717777848243713,True
115,NORMAL2-IM-0150-0001.jpeg,C:\Users\lohit\Downloads\archive\chest_xray\test\NORMAL\NORMAL2-IM-0150-0001.jpeg,0,NORMAL,0,NORMAL,0.22432605922222137,0.7756739258766174,True
116,NORMAL2-IM-0171-0001.jpeg,C:\Users\lohit\Downloads\archive\chest_xray\test\NORMAL\NORMAL2-IM-0171-0001.jpeg,0,NORMAL,0,NORMAL,0.4356914758682251,0.5643084645271301,True
117,NORMAL2-IM-0173-0001-0001.jpeg,C:\Users\lohit\Downloads\archive\chest_xray\test\NORMAL\NORMAL2-IM-0173-0001-0001.jpeg,0,NORMAL,1,PNEUMONIA,0.6494067907333374,0.6494067907333374,False
118,NORMAL2-IM-0173-0001-0002.jpeg,C:\Users\lohit\Downloads\archive\chest_xray\test\NORMAL\NORMAL2-IM-0173-0001-0002.jpeg,0,NORMAL,1,PNEUMONIA,0.6494067907333374,0.6494067907333374,False
119,NORMAL2-IM-0195-0001.jpeg,C:\Users\lohit\Downloads\archive\chest_xray\test\NORMAL\NORMAL2-IM-0195-0001.jpeg,0,NORMAL,0,NORMAL,0.4668070375919342,0.5331929922103882,True
120,NORMAL2-IM-0196-0001.jpeg,C:\Users\lohit\Downloads\archive\chest_xray\test\NORMAL\NORMAL2-IM-0196-0001.jpeg,0,NORMAL,0,NORMAL,0.46682047843933105,0.533179521560669,True
121,NORMAL2-IM-0198-0001.jpeg,C:\Users\lohit\Downloads\archive\chest_xray\test\NORMAL\NORMAL2-IM-0198-0001.jpeg,0,NORMAL,1,PNEUMONIA,0.7215191125869751,0.7215191125869751,False
122,NORMAL2-IM-0199-0001.jpeg,C:\Users\lohit\Downloads\archive\chest_xray\test\NORMAL\NORMAL2-IM-0199-0001.jpeg,0,NORMAL,1,PNEUMONIA,0.7062838077545166,0.7062838077545166,False
123,NORMAL2-IM-0201-0001.jpeg,C:\Users\lohit\Downloads\archive\chest_xray\test\NORMAL\NORMAL2-IM-0201-0001.jpeg,0,NORMAL,0,NORMAL,0.4472905993461609,0.5527093410491943,True
124,NORMAL2-IM-0206-0001.jpeg,C:\Users\lohit\Downloads\archive\chest_xray\test\NORMAL\NORMAL2-IM-0206-0001.jpeg,0,NORMAL,0,NORMAL,0.27406471967697144,0.7259352803230286,True
125,NORMAL2-IM-0207-0001.jpeg,C:\Users\lohit\Downloads\archive\chest_xray\test\NORMAL\NORMAL2-IM-0207-0001.jpeg,0,NORMAL,0,NORMAL,0.4632606506347656,0.5367394089698792,True
126,NORMAL2-IM-0210-0001.jpeg,C:\Users\lohit\Downloads\archive\chest_xray\test\NORMAL\NORMAL2-IM-0210-0001.jpeg,0,NORMAL,1,PNEUMONIA,0.5204858779907227,0.5204858779907227,False
127,NORMAL2-IM-0213-0001.jpeg,C:\Users\lohit\Downloads\archive\chest_xray\test\NORMAL\NORMAL2-IM-0213-0001.jpeg,0,NORMAL,0,NORMAL,0.4947241246700287,0.5052759051322937,True
128,NORMAL2-IM-0217-0001.jpeg,C:\Users\lohit\Downloads\archive\chest_xray\test\NORMAL\NORMAL2-IM-0217-0001.jpeg,0,NORMAL,0,NORMAL,0.3175012171268463,0.6824987530708313,True
129,NORMAL2-IM-0219-0001.jpeg,C:\Users\lohit\Downloads\archive\chest_xray\test\NORMAL\NORMAL2-IM-0219-0001.jpeg,0,NORMAL,1,PNEUMONIA,0.6487922668457031,0.6487922668457031,False
130,NORMAL2-IM-0221-0001.jpeg,C:\Users\lohit\Downloads\archive\chest_xray\test\NORMAL\NORMAL2-IM-0221-0001.jpeg,0,NORMAL,0,NORMAL,0.4900437891483307,0.5099561810493469,True
131,NORMAL2-IM-0222-0001.jpeg,C:\Users\lohit\Downloads\archive\chest_xray\test\NORMAL\NORMAL2-IM-0222-0001.jpeg,0,NORMAL,1,PNEUMONIA,0.6249222159385681,0.6249222159385681,False
132,NORMAL2-IM-0229-0001.jpeg,C:\Users\lohit\Downloads\archive\chest_xray\test\NORMAL\NORMAL2-IM-0229-0001.jpeg,0,NORMAL,0,NORMAL,0.48035866022109985,0.5196412801742554,True
133,NORMAL2-IM-0232-0001.jpeg,C:\Users\lohit\Downloads\archive\chest_xray\test\NORMAL\NORMAL2-IM-0232-0001.jpeg,0,NORMAL,0,NORMAL,0.35328879952430725,0.6467111706733704,True
134,NORMAL2-IM-0233-0001.jpeg,C:\Users\lohit\Downloads\archive\chest_xray\test\NORMAL\NORMAL2-IM-0233-0001.jpeg,0,NORMAL,1,PNEUMONIA,0.6781393885612488,0.6781393885612488,False
135,NORMAL2-IM-0237-0001.jpeg,C:\Users\lohit\Downloads\archive\chest_xray\test\NORMAL\NORMAL2-IM-0237-0001.jpeg,0,NORMAL,1,PNEUMONIA,0.6869397759437561,0.6869397759437561,False
136,NORMAL2-IM-0238-0001.jpeg,C:\Users\lohit\Downloads\archive\chest_xray\test\NORMAL\NORMAL2-IM-0238-0001.jpeg,0,NORMAL,1,PNEUMONIA,0.6930886507034302,0.6930886507034302,False
137,NORMAL2-IM-0241-0001.jpeg,C:\Users\lohit\Downloads\archive\chest_xray\test\NORMAL\NORMAL2-IM-0241-0001.jpeg,0,NORMAL,1,PNEUMONIA,0.518618106842041,0.518618106842041,False
138,NORMAL2-IM-0246-0001-0001.jpeg,C:\Users\lohit\Downloads\archive\chest_xray\test\NORMAL\NORMAL2-IM-0246-0001-0001.jpeg,0,NORMAL,0,NORMAL,0.3635510802268982,0.6364489197731018,True
139,NORMAL2-IM-0246-0001-0002.jpeg,C:\Users\lohit\Downloads\archive\chest_xray\test\NORMAL\NORMAL2-IM-0246-0001-0002.jpeg,0,NORMAL,0,NORMAL,0.3635510802268982,0.6364489197731018,True
140,NORMAL2-IM-0246-0001.jpeg,C:\Users\lohit\Downloads\archive\chest_xray\test\NORMAL\NORMAL2-IM-0246-0001.jpeg,0,NORMAL,1,PNEUMONIA,0.728546679019928,0.728546679019928,False
141,NORMAL2-IM-0249-0001.jpeg,C:\Users\lohit\Downloads\archive\chest_xray\test\NORMAL\NORMAL2-IM-0249-0001.jpeg,0,NORMAL,0,NORMAL,0.2865179777145386,0.7134820222854614,True
142,NORMAL2-IM-0251-0001.jpeg,C:\Users\lohit\Downloads\archive\chest_xray\test\NORMAL\NORMAL2-IM-0251-0001.jpeg,0,NORMAL,1,PNEUMONIA,0.6123841404914856,0.6123841404914856,False
143,NORMAL2-IM-0252-0001.jpeg,C:\Users\lohit\Downloads\archive\chest_xray\test\NORMAL\NORMAL2-IM-0252-0001.jpeg,0,NORMAL,1,PNEUMONIA,0.5417386889457703,0.5417386889457703,False
144,NORMAL2-IM-0256-0001.jpeg,C:\Users\lohit\Downloads\archive\chest_xray\test\NORMAL\NORMAL2-IM-0256-0001.jpeg,0,NORMAL,1,PNEUMONIA,0.7157503962516785,0.7157503962516785,False
145,NORMAL2-IM-0259-0001.jpeg,C:\Users\lohit\Downloads\archive\chest_xray\test\NORMAL\NORMAL2-IM-0259-0001.jpeg,0,NORMAL,1,PNEUMONIA,0.8152356743812561,0.8152356743812561,False
146,NORMAL2-IM-0267-0001.jpeg,C:\Users\lohit\Downloads\archive\chest_xray\test\NORMAL\NORMAL2-IM-0267-0001.jpeg,0,NORMAL,1,PNEUMONIA,0.5806995630264282,0.5806995630264282,False
147,NORMAL2-IM-0271-0001.jpeg,C:\Users\lohit\Downloads\archive\chest_xray\test\NORMAL\NORMAL2-IM-0271-0001.jpeg,0,NORMAL,0,NORMAL,0.41017886996269226,0.5898211598396301,True
148,NORMAL2-IM-0272-0001.jpeg,C:\Users\lohit\Downloads\archive\chest_xray\test\NORMAL\NORMAL2-IM-0272-0001.jpeg,0,NORMAL,0,NORMAL,0.3646794557571411,0.6353204846382141,True
149,NORMAL2-IM-0273-0001.jpeg,C:\Users\lohit\Downloads\archive\chest_xray\test\NORMAL\NORMAL2-IM-0273-0001.jpeg,0,NORMAL,0,NORMAL,0.21569454669952393,0.7843054533004761,True
150,NORMAL2-IM-0274-0001.jpeg,C:\Users\lohit\Downloads\archive\chest_xray\test\NORMAL\NORMAL2-IM-0274-0001.jpeg,0,NORMAL,0,NORMAL,0.14241474866867065,0.8575852513313293,True
151,NORMAL2-IM-0275-0001.jpeg,C:\Users\lohit\Downloads\archive\chest_xray\test\NORMAL\NORMAL2-IM-0275-0001.jpeg,0,NORMAL,0,NORMAL,0.3211255371570587,0.6788744330406189,True
152,NORMAL2-IM-0276-0001.jpeg,C:\Users\lohit\Downloads\archive\chest_xray\test\NORMAL\NORMAL2-IM-0276-0001.jpeg,0,NORMAL,0,NORMAL,0.22801166772842407,0.7719883918762207,True
153,NORMAL2-IM-0277-0001.jpeg,C:\Users\lohit\Downloads\archive\chest_xray\test\NORMAL\NORMAL2-IM-0277-0001.jpeg,0,NORMAL,0,NORMAL,0.30696722865104675,0.6930328607559204,True
154,NORMAL2-IM-0278-0001.jpeg,C:\Users\lohit\Downloads\archive\chest_xray\test\NORMAL\NORMAL2-IM-0278-0001.jpeg,0,NORMAL,0,NORMAL,0.25664034485816956,0.7433596849441528,True
155,NORMAL2-IM-0279-0001.jpeg,C:\Users\lohit\Downloads\archive\chest_xray\test\NORMAL\NORMAL2-IM-0279-0001.jpeg,0,NORMAL,0,NORMAL,0.2257983684539795,0.7742016315460205,True
156,NORMAL2-IM-0280-0001.jpeg,C:\Users\lohit\Downloads\archive\chest_xray\test\NORMAL\NORMAL2-IM-0280-0001.jpeg,0,NORMAL,0,NORMAL,0.33238622546195984,0.6676137447357178,True
157,NORMAL2-IM-0281-0001.jpeg,C:\Users\lohit\Downloads\archive\chest_xray\test\NORMAL\NORMAL2-IM-0281-0001.jpeg,0,NORMAL,0,NORMAL,0.26263684034347534,0.7373632192611694,True
158,NORMAL2-IM-0282-0001.jpeg,C:\Users\lohit\Downloads\archive\chest_xray\test\NORMAL\NORMAL2-IM-0282-0001.jpeg,0,NORMAL,0,NORMAL,0.38841891288757324,0.6115810871124268,True
159,NORMAL2-IM-0283-0001.jpeg,C:\Users\lohit\Downloads\archive\chest_xray\test\NORMAL\NORMAL2-IM-0283-0001.jpeg,0,NORMAL,0,NORMAL,0.3696630895137787,0.6303368806838989,True
160,NORMAL2-IM-0285-0001.jpeg,C:\Users\lohit\Downloads\archive\chest_xray\test\NORMAL\NORMAL2-IM-0285-0001.jpeg,0,NORMAL,0,NORMAL,0.4019542336463928,0.5980457067489624,True
161,NORMAL2-IM-0286-0001.jpeg,C:\Users\lohit\Downloads\archive\chest_xray\test\NORMAL\NORMAL2-IM-0286-0001.jpeg,0,NORMAL,0,NORMAL,0.27419447898864746,0.7258055806159973,True
162,NORMAL2-IM-0287-0001.jpeg,C:\Users\lohit\Downloads\archive\chest_xray\test\NORMAL\NORMAL2-IM-0287-0001.jpeg,0,NORMAL,0,NORMAL,0.16938112676143646,0.8306189179420471,True
163,NORMAL2-IM-0288-0001.jpeg,C:\Users\lohit\Downloads\archive\chest_xray\test\NORMAL\NORMAL2-IM-0288-0001.jpeg,0,NORMAL,0,NORMAL,0.37637412548065186,0.6236259341239929,True
164,NORMAL2-IM-0289-0001.jpeg,C:\Users\lohit\Downloads\archive\chest_xray\test\NORMAL\NORMAL2-IM-0289-0001.jpeg,0,NORMAL,0,NORMAL,0.20815330743789673,0.7918466329574585,True
165,NORMAL2-IM-0290-0001.jpeg,C:\Users\lohit\Downloads\archive\chest_xray\test\NORMAL\NORMAL2-IM-0290-0001.jpeg,0,NORMAL,0,NORMAL,0.24013975262641907,0.7598602771759033,True
166,NORMAL2-IM-0292-0001.jpeg,C:\Users\lohit\Downloads\archive\chest_xray\test\NORMAL\NORMAL2-IM-0292-0001.jpeg,0,NORMAL,1,PNEUMONIA,0.709072470664978,0.709072470664978,False
167,NORMAL2-IM-0294-0001.jpeg,C:\Users\lohit\Downloads\archive\chest_xray\test\NORMAL\NORMAL2-IM-0294-0001.jpeg,0,NORMAL,0,NORMAL,0.24222563207149506,0.7577744126319885,True
168,NORMAL2-IM-0297-0001.jpeg,C:\Users\lohit\Downloads\archive\chest_xray\test\NORMAL\NORMAL2-IM-0297-0001.jpeg,0,NORMAL,0,NORMAL,0.19905151426792145,0.800948441028595,True
169,NORMAL2-IM-0300-0001.jpeg,C:\Users\lohit\Downloads\archive\chest_xray\test\NORMAL\NORMAL2-IM-0300-0001.jpeg,0,NORMAL,0,NORMAL,0.20014320313930511,0.7998568415641785,True
170,NORMAL2-IM-0301-0001.jpeg,C:\Users\lohit\Downloads\archive\chest_xray\test\NORMAL\NORMAL2-IM-0301-0001.jpeg,0,NORMAL,0,NORMAL,0.20799520611763,0.7920047640800476,True
171,NORMAL2-IM-0302-0001.jpeg,C:\Users\lohit\Downloads\archive\chest_xray\test\NORMAL\NORMAL2-IM-0302-0001.jpeg,0,NORMAL,0,NORMAL,0.18800057470798492,0.8119994401931763,True
172,NORMAL2-IM-0303-0001.jpeg,C:\Users\lohit\Downloads\archive\chest_xray\test\NORMAL\NORMAL2-IM-0303-0001.jpeg,0,NORMAL,0,NORMAL,0.25002530217170715,0.7499747276306152,True
173,NORMAL2-IM-0304-0001.jpeg,C:\Users\lohit\Downloads\archive\chest_xray\test\NORMAL\NORMAL2-IM-0304-0001.jpeg,0,NORMAL,0,NORMAL,0.30563944578170776,0.694360613822937,True
174,NORMAL2-IM-0305-0001.jpeg,C:\Users\lohit\Downloads\archive\chest_xray\test\NORMAL\NORMAL2-IM-0305-0001.jpeg,0,NORMAL,0,NORMAL,0.23784123361110687,0.7621587514877319,True
175,NORMAL2-IM-0307-0001.jpeg,C:\Users\lohit\Downloads\archive\chest_xray\test\NORMAL\NORMAL2-IM-0307-0001.jpeg,0,NORMAL,0,NORMAL,0.2443810999393463,0.7556189298629761,True
176,NORMAL2-IM-0309-0001.jpeg,C:\Users\lohit\Downloads\archive\chest_xray\test\NORMAL\NORMAL2-IM-0309-0001.jpeg,0,NORMAL,0,NORMAL,0.10055095702409744,0.8994490504264832,True
177,NORMAL2-IM-0310-0001.jpeg,C:\Users\lohit\Downloads\archive\chest_xray\test\NORMAL\NORMAL2-IM-0310-0001.jpeg,0,NORMAL,0,NORMAL,0.17655478417873383,0.8234452605247498,True
178,NORMAL2-IM-0311-0001.jpeg,C:\Users\lohit\Downloads\archive\chest_xray\test\NORMAL\NORMAL2-IM-0311-0001.jpeg,0,NORMAL,0,NORMAL,0.16842246055603027,0.8315775394439697,True
179,NORMAL2-IM-0312-0001.jpeg,C:\Users\lohit\Downloads\archive\chest_xray\test\NORMAL\NORMAL2-IM-0312-0001.jpeg,0,NORMAL,0,NORMAL,0.374352365732193,0.6256476640701294,True
180,NORMAL2-IM-0313-0001.jpeg,C:\Users\lohit\Downloads\archive\chest_xray\test\NORMAL\NORMAL2-IM-0313-0001.jpeg,0,NORMAL,0,NORMAL,0.3118387460708618,0.6881612539291382,True
181,NORMAL2-IM-0315-0001.jpeg,C:\Users\lohit\Downloads\archive\chest_xray\test\NORMAL\NORMAL2-IM-0315-0001.jpeg,0,NORMAL,0,NORMAL,0.2905145585536957,0.7094854116439819,True
182,NORMAL2-IM-0316-0001.jpeg,C:\Users\lohit\Downloads\archive\chest_xray\test\NORMAL\NORMAL2-IM-0316-0001.jpeg,0,NORMAL,0,NORMAL,0.48965027928352356,0.510349690914154,True
183,NORMAL2-IM-0317-0001.jpeg,C:\Users\lohit\Downloads\archive\chest_xray\test\NORMAL\NORMAL2-IM-0317-0001.jpeg,0,NORMAL,0,NORMAL,0.1398908644914627,0.8601090908050537,True
184,NORMAL2-IM-0319-0001.jpeg,C:\Users\lohit\Downloads\archive\chest_xray\test\NORMAL\NORMAL2-IM-0319-0001.jpeg,0,NORMAL,0,NORMAL,0.23502925038337708,0.7649707198143005,True
185,NORMAL2-IM-0321-0001.jpeg,C:\Users\lohit\Downloads\archive\chest_xray\test\NORMAL\NORMAL2-IM-0321-0001.jpeg,0,NORMAL,0,NORMAL,0.20738685131072998,0.79261314868927,True
186,NORMAL2-IM-0322-0001.jpeg,C:\Users\lohit\Downloads\archive\chest_xray\test\NORMAL\NORMAL2-IM-0322-0001.jpeg,0,NORMAL,0,NORMAL,0.21579955518245697,0.7842004299163818,True
187,NORMAL2-IM-0323-0001.jpeg,C:\Users\lohit\Downloads\archive\chest_xray\test\NORMAL\NORMAL2-IM-0323-0001.jpeg,0,NORMAL,0,NORMAL,0.11284864693880081,0.8871513605117798,True
188,NORMAL2-IM-0325-0001.jpeg,C:\Users\lohit\Downloads\archive\chest_xray\test\NORMAL\NORMAL2-IM-0325-0001.jpeg,0,NORMAL,0,NORMAL,0.2665044963359833,0.7334954738616943,True
189,NORMAL2-IM-0326-0001.jpeg,C:\Users\lohit\Downloads\archive\chest_xray\test\NORMAL\NORMAL2-IM-0326-0001.jpeg,0,NORMAL,0,NORMAL,0.2445756196975708,0.7554243206977844,True
190,NORMAL2-IM-0327-0001.jpeg,C:\Users\lohit\Downloads\archive\chest_xray\test\NORMAL\NORMAL2-IM-0327-0001.jpeg,0,NORMAL,0,NORMAL,0.33897897601127625,0.6610210537910461,True
191,NORMAL2-IM-0328-0001.jpeg,C:\Users\lohit\Downloads\archive\chest_xray\test\NORMAL\NORMAL2-IM-0328-0001.jpeg,0,NORMAL,0,NORMAL,0.3331923484802246,0.6668076515197754,True
192,NORMAL2-IM-0329-0001.jpeg,C:\Users\lohit\Downloads\archive\chest_xray\test\NORMAL\NORMAL2-IM-0329-0001.jpeg,0,NORMAL,0,NORMAL,0.21539714932441711,0.7846028208732605,True
193,NORMAL2-IM-0330-0001.jpeg,C:\Users\lohit\Downloads\archive\chest_xray\test\NORMAL\NORMAL2-IM-0330-0001.jpeg,0,NORMAL,0,NORMAL,0.44649791717529297,0.553502082824707,True
194,NORMAL2-IM-0331-0001.jpeg,C:\Users\lohit\Downloads\archive\chest_xray\test\NORMAL\NORMAL2-IM-0331-0001.jpeg,0,NORMAL,0,NORMAL,0.14728324115276337,0.8527167439460754,True
195,NORMAL2-IM-0332-0001.jpeg,C:\Users\lohit\Downloads\archive\chest_xray\test\NORMAL\NORMAL2-IM-0332-0001.jpeg,0,NORMAL,0,NORMAL,0.14454719424247742,0.855452835559845,True
196,NORMAL2-IM-0333-0001.jpeg,C:\Users\lohit\Downloads\archive\chest_xray\test\NORMAL\NORMAL2-IM-0333-0001.jpeg,0,NORMAL,0,NORMAL,0.4012214243412018,0.5987785458564758,True
197,NORMAL2-IM-0335-0001.jpeg,C:\Users\lohit\Downloads\archive\chest_xray\test\NORMAL\NORMAL2-IM-0335-0001.jpeg,0,NORMAL,0,NORMAL,0.38746267557144165,0.6125373244285583,True
198,NORMAL2-IM-0336-0001.jpeg,C:\Users\lohit\Downloads\archive\chest_xray\test\NORMAL\NORMAL2-IM-0336-0001.jpeg,0,NORMAL,0,NORMAL,0.3632243573665619,0.6367756724357605,True
199,NORMAL2-IM-0337-0001.jpeg,C:\Users\lohit\Downloads\archive\chest_xray\test\NORMAL\NORMAL2-IM-0337-0001.jpeg,0,NORMAL,0,NORMAL,0.09128845483064651,0.9087115526199341,True
200,NORMAL2-IM-0338-0001.jpeg,C:\Users\lohit\Downloads\archive\chest_xray\test\NORMAL\NORMAL2-IM-0338-0001.jpeg,0,NORMAL,0,NORMAL,0.37396693229675293,0.6260330677032471,True
201,NORMAL2-IM-0339-0001.jpeg,C:\Users\lohit\Downloads\archive\chest_xray\test\NORMAL\NORMAL2-IM-0339-0001.jpeg,0,NORMAL,0,NORMAL,0.25246182084083557,0.747538149356842,True
202,NORMAL2-IM-0340-0001.jpeg,C:\Users\lohit\Downloads\archive\chest_xray\test\NORMAL\NORMAL2-IM-0340-0001.jpeg,0,NORMAL,0,NORMAL,0.4201880097389221,0.5798119902610779,True
203,NORMAL2-IM-0341-0001.jpeg,C:\Users\lohit\Downloads\archive\chest_xray\test\NORMAL\NORMAL2-IM-0341-0001.jpeg,0,NORMAL,0,NORMAL,0.29077795147895813,0.7092220783233643,True
204,NORMAL2-IM-0343-0001.jpeg,C:\Users\lohit\Downloads\archive\chest_xray\test\NORMAL\NORMAL2-IM-0343-0001.jpeg,0,NORMAL,0,NORMAL,0.18371614813804626,0.8162838816642761,True
205,NORMAL2-IM-0345-0001.jpeg,C:\Users\lohit\Downloads\archive\chest_xray\test\NORMAL\NORMAL2-IM-0345-0001.jpeg,0,NORMAL,0,NORMAL,0.1679258793592453,0.8320740461349487,True
206,NORMAL2-IM-0346-0001.jpeg,C:\Users\lohit\Downloads\archive\chest_xray\test\NORMAL\NORMAL2-IM-0346-0001.jpeg,0,NORMAL,0,NORMAL,0.16697250306606293,0.8330275416374207,True
207,NORMAL2-IM-0347-0001.jpeg,C:\Users\lohit\Downloads\archive\chest_xray\test\NORMAL\NORMAL2-IM-0347-0001.jpeg,0,NORMAL,0,NORMAL,0.28697869181632996,0.7130212187767029,True
208,NORMAL2-IM-0348-0001.jpeg,C:\Users\lohit\Downloads\archive\chest_xray\test\NORMAL\NORMAL2-IM-0348-0001.jpeg,0,NORMAL,0,NORMAL,0.1473395973443985,0.8526604175567627,True
209,NORMAL2-IM-0349-0001.jpeg,C:\Users\lohit\Downloads\archive\chest_xray\test\NORMAL\NORMAL2-IM-0349-0001.jpeg,0,NORMAL,0,NORMAL,0.36874496936798096,0.631255030632019,True
210,NORMAL2-IM-0350-0001.jpeg,C:\Users\lohit\Downloads\archive\chest_xray\test\NORMAL\NORMAL2-IM-0350-0001.jpeg,0,NORMAL,0,NORMAL,0.16301453113555908,0.8369854688644409,True
211,NORMAL2-IM-0351-0001.jpeg,C:\Users\lohit\Downloads\archive\chest_xray\test\NORMAL\NORMAL2-IM-0351-0001.jpeg,0,NORMAL,0,NORMAL,0.2640960216522217,0.7359039783477783,True
212,NORMAL2-IM-0352-0001.jpeg,C:\Users\lohit\Downloads\archive\chest_xray\test\NORMAL\NORMAL2-IM-0352-0001.jpeg,0,NORMAL,0,NORMAL,0.24565938115119934,0.754340648651123,True
213,NORMAL2-IM-0353-0001.jpeg,C:\Users\lohit\Downloads\archive\chest_xray\test\NORMAL\NORMAL2-IM-0353-0001.jpeg,0,NORMAL,0,NORMAL,0.25425657629966736,0.7457433938980103,True
214,NORMAL2-IM-0354-0001.jpeg,C:\Users\lohit\Downloads\archive\chest_xray\test\NORMAL\NORMAL2-IM-0354-0001.jpeg,0,NORMAL,0,NORMAL,0.2026241272687912,0.7973758578300476,True
215,NORMAL2-IM-0357-0001.jpeg,C:\Users\lohit\Downloads\archive\chest_xray\test\NORMAL\NORMAL2-IM-0357-0001.jpeg,0,NORMAL,0,NORMAL,0.19729533791542053,0.8027046322822571,True
216,NORMAL2-IM-0359-0001.jpeg,C:\Users\lohit\Downloads\archive\chest_xray\test\NORMAL\NORMAL2-IM-0359-0001.jpeg,0,NORMAL,0,NORMAL,0.3018992245197296,0.6981008052825928,True
217,NORMAL2-IM-0360-0001.jpeg,C:\Users\lohit\Downloads\archive\chest_xray\test\NORMAL\NORMAL2-IM-0360-0001.jpeg,0,NORMAL,0,NORMAL,0.3552723824977875,0.6447276473045349,True
218,NORMAL2-IM-0361-0001.jpeg,C:\Users\lohit\Downloads\archive\chest_xray\test\NORMAL\NORMAL2-IM-0361-0001.jpeg,0,NORMAL,0,NORMAL,0.3030969500541687,0.6969030499458313,True
219,NORMAL2-IM-0362-0001.jpeg,C:\Users\lohit\Downloads\archive\chest_xray\test\NORMAL\NORMAL2-IM-0362-0001.jpeg,0,NORMAL,0,NORMAL,0.37507084012031555,0.6249291896820068,True
220,NORMAL2-IM-0364-0001.jpeg,C:\Users\lohit\Downloads\archive\chest_xray\test\NORMAL\NORMAL2-IM-0364-0001.jpeg,0,NORMAL,0,NORMAL,0.3178251385688782,0.6821748614311218,True
221,NORMAL2-IM-0366-0001.jpeg,C:\Users\lohit\Downloads\archive\chest_xray\test\NORMAL\NORMAL2-IM-0366-0001.jpeg,0,NORMAL,0,NORMAL,0.2561844289302826,0.7438156008720398,True
222,NORMAL2-IM-0368-0001.jpeg,C:\Users\lohit\Downloads\archive\chest_xray\test\NORMAL\NORMAL2-IM-0368-0001.jpeg,0,NORMAL,0,NORMAL,0.25063514709472656,0.7493648529052734,True
223,NORMAL2-IM-0369-0001.jpeg,C:\Users\lohit\Downloads\archive\chest_xray\test\NORMAL\NORMAL2-IM-0369-0001.jpeg,0,NORMAL,0,NORMAL,0.33754101395606995,0.6624589562416077,True
224,NORMAL2-IM-0370-0001.jpeg,C:\Users\lohit\Downloads\archive\chest_xray\test\NORMAL\NORMAL2-IM-0370-0001.jpeg,0,NORMAL,0,NORMAL,0.1316274255514145,0.8683726191520691,True
225,NORMAL2-IM-0372-0001.jpeg,C:\Users\lohit\Downloads\archive\chest_xray\test\NORMAL\NORMAL2-IM-0372-0001.jpeg,0,NORMAL,0,NORMAL,0.22286604344844818,0.7771340012550354,True
226,NORMAL2-IM-0373-0001.jpeg,C:\Users\lohit\Downloads\archive\chest_xray\test\NORMAL\NORMAL2-IM-0373-0001.jpeg,0,NORMAL,1,PNEUMONIA,0.5910631418228149,0.5910631418228149,False
227,NORMAL2-IM-0374-0001-0001.jpeg,C:\Users\lohit\Downloads\archive\chest_xray\test\NORMAL\NORMAL2-IM-0374-0001-0001.jpeg,0,NORMAL,0,NORMAL,0.2586826980113983,0.7413173317909241,True
228,NORMAL2-IM-0374-0001-0002.jpeg,C:\Users\lohit\Downloads\archive\chest_xray\test\NORMAL\NORMAL2-IM-0374-0001-0002.jpeg,0,NORMAL,0,NORMAL,0.32149171829223633,0.6785083413124084,True
229,NORMAL2-IM-0374-0001.jpeg,C:\Users\lohit\Downloads\archive\chest_xray\test\NORMAL\NORMAL2-IM-0374-0001.jpeg,0,NORMAL,0,NORMAL,0.18454371392726898,0.815456211566925,True
230,NORMAL2-IM-0376-0001.jpeg,C:\Users\lohit\Downloads\archive\chest_xray\test\NORMAL\NORMAL2-IM-0376-0001.jpeg,0,NORMAL,0,NORMAL,0.3555753231048584,0.6444247364997864,True
231,NORMAL2-IM-0378-0001.jpeg,C:\Users\lohit\Downloads\archive\chest_xray\test\NORMAL\NORMAL2-IM-0378-0001.jpeg,0,NORMAL,0,NORMAL,0.16688188910484314,0.8331181406974792,True
232,NORMAL2-IM-0380-0001.jpeg,C:\Users\lohit\Downloads\archive\chest_xray\test\NORMAL\NORMAL2-IM-0380-0001.jpeg,0,NORMAL,0,NORMAL,0.2947290539741516,0.7052709460258484,True
233,NORMAL2-IM-0381-0001.jpeg,C:\Users\lohit\Downloads\archive\chest_xray\test\NORMAL\NORMAL2-IM-0381-0001.jpeg,0,NORMAL,0,NORMAL,0.3657686710357666,0.6342313289642334,True
234,person100_bacteria_475.jpeg,C:\Users\lohit\Downloads\archive\chest_xray\test\PNEUMONIA\person100_bacteria_475.jpeg,1,PNEUMONIA,0,NORMAL,0.3146437704563141,0.6853561997413635,False
235,person100_bacteria_477.jpeg,C:\Users\lohit\Downloads\archive\chest_xray\test\PNEUMONIA\person100_bacteria_477.jpeg,1,PNEUMONIA,1,PNEUMONIA,0.535227358341217,0.535227358341217,True
236,person100_bacteria_478.jpeg,C:\Users\lohit\Downloads\archive\chest_xray\test\PNEUMONIA\person100_bacteria_478.jpeg,1,PNEUMONIA,1,PNEUMONIA,0.7548611760139465,0.7548611760139465,True
237,person100_bacteria_479.jpeg,C:\Users\lohit\Downloads\archive\chest_xray\test\PNEUMONIA\person100_bacteria_479.jpeg,1,PNEUMONIA,1,PNEUMONIA,0.9039133787155151,0.9039133787155151,True
238,person100_bacteria_480.jpeg,C:\Users\lohit\Downloads\archive\chest_xray\test\PNEUMONIA\person100_bacteria_480.jpeg,1,PNEUMONIA,1,PNEUMONIA,0.8335745334625244,0.8335745334625244,True
239,person100_bacteria_481.jpeg,C:\Users\lohit\Downloads\archive\chest_xray\test\PNEUMONIA\person100_bacteria_481.jpeg,1,PNEUMONIA,1,PNEUMONIA,0.8119305968284607,0.8119305968284607,True
240,person100_bacteria_482.jpeg,C:\Users\lohit\Downloads\archive\chest_xray\test\PNEUMONIA\person100_bacteria_482.jpeg,1,PNEUMONIA,1,PNEUMONIA,0.6638935208320618,0.6638935208320618,True
241,person101_bacteria_483.jpeg,C:\Users\lohit\Downloads\archive\chest_xray\test\PNEUMONIA\person101_bacteria_483.jpeg,1,PNEUMONIA,1,PNEUMONIA,0.8513544201850891,0.8513544201850891,True
242,person101_bacteria_484.jpeg,C:\Users\lohit\Downloads\archive\chest_xray\test\PNEUMONIA\person101_bacteria_484.jpeg,1,PNEUMONIA,1,PNEUMONIA,0.7437974214553833,0.7437974214553833,True
243,person101_bacteria_485.jpeg,C:\Users\lohit\Downloads\archive\chest_xray\test\PNEUMONIA\person101_bacteria_485.jpeg,1,PNEUMONIA,1,PNEUMONIA,0.7202620506286621,0.7202620506286621,True
244,person101_bacteria_486.jpeg,C:\Users\lohit\Downloads\archive\chest_xray\test\PNEUMONIA\person101_bacteria_486.jpeg,1,PNEUMONIA,1,PNEUMONIA,0.8721855878829956,0.8721855878829956,True
245,person102_bacteria_487.jpeg,C:\Users\lohit\Downloads\archive\chest_xray\test\PNEUMONIA\person102_bacteria_487.jpeg,1,PNEUMONIA,1,PNEUMONIA,0.534058153629303,0.534058153629303,True
246,person103_bacteria_488.jpeg,C:\Users\lohit\Downloads\archive\chest_xray\test\PNEUMONIA\person103_bacteria_488.jpeg,1,PNEUMONIA,1,PNEUMONIA,0.8367294073104858,0.8367294073104858,True
247,person103_bacteria_489.jpeg,C:\Users\lohit\Downloads\archive\chest_xray\test\PNEUMONIA\person103_bacteria_489.jpeg,1,PNEUMONIA,0,NORMAL,0.43608853220939636,0.563911497592926,False
248,person103_bacteria_490.jpeg,C:\Users\lohit\Downloads\archive\chest_xray\test\PNEUMONIA\person103_bacteria_490.jpeg,1,PNEUMONIA,0,NORMAL,0.33555498719215393,0.6644450426101685,False
249,person104_bacteria_491.jpeg,C:\Users\lohit\Downloads\archive\chest_xray\test\PNEUMONIA\person104_bacteria_491.jpeg,1,PNEUMONIA,1,PNEUMONIA,0.5910610556602478,0.5910610556602478,True
250,person104_bacteria_492.jpeg,C:\Users\lohit\Downloads\archive\chest_xray\test\PNEUMONIA\person104_bacteria_492.jpeg,1,PNEUMONIA,1,PNEUMONIA,0.8926258683204651,0.8926258683204651,True
251,person108_bacteria_504.jpeg,C:\Users\lohit\Downloads\archive\chest_xray\test\PNEUMONIA\person108_bacteria_504.jpeg,1,PNEUMONIA,1,PNEUMONIA,0.823940098285675,0.823940098285675,True
252,person108_bacteria_506.jpeg,C:\Users\lohit\Downloads\archive\chest_xray\test\PNEUMONIA\person108_bacteria_506.jpeg,1,PNEUMONIA,1,PNEUMONIA,0.8435801267623901,0.8435801267623901,True
253,person108_bacteria_507.jpeg,C:\Users\lohit\Downloads\archive\chest_xray\test\PNEUMONIA\person108_bacteria_507.jpeg,1,PNEUMONIA,1,PNEUMONIA,0.631567656993866,0.631567656993866,True
254,person108_bacteria_511.jpeg,C:\Users\lohit\Downloads\archive\chest_xray\test\PNEUMONIA\person108_bacteria_511.jpeg,1,PNEUMONIA,0,NORMAL,0.1884647160768509,0.8115352988243103,False
255,person109_bacteria_512.jpeg,C:\Users\lohit\Downloads\archive\chest_xray\test\PNEUMONIA\person109_bacteria_512.jpeg,1,PNEUMONIA,0,NORMAL,0.4621487557888031,0.5378512144088745,False
256,person109_bacteria_513.jpeg,C:\Users\lohit\Downloads\archive\chest_xray\test\PNEUMONIA\person109_bacteria_513.jpeg,1,PNEUMONIA,1,PNEUMONIA,0.599132776260376,0.599132776260376,True
257,person109_bacteria_517.jpeg,C:\Users\lohit\Downloads\archive\chest_xray\test\PNEUMONIA\person109_bacteria_517.jpeg,1,PNEUMONIA,0,NORMAL,0.47084805369377136,0.529151976108551,False
258,person109_bacteria_519.jpeg,C:\Users\lohit\Downloads\archive\chest_xray\test\PNEUMONIA\person109_bacteria_519.jpeg,1,PNEUMONIA,1,PNEUMONIA,0.5872976779937744,0.5872976779937744,True
259,person109_bacteria_522.jpeg,C:\Users\lohit\Downloads\archive\chest_xray\test\PNEUMONIA\person109_bacteria_522.jpeg,1,PNEUMONIA,0,NORMAL,0.4709413945674896,0.529058575630188,False
260,person109_bacteria_523.jpeg,C:\Users\lohit\Downloads\archive\chest_xray\test\PNEUMONIA\person109_bacteria_523.jpeg,1,PNEUMONIA,1,PNEUMONIA,0.622289776802063,0.622289776802063,True
261,person109_bacteria_526.jpeg,C:\Users\lohit\Downloads\archive\chest_xray\test\PNEUMONIA\person109_bacteria_526.jpeg,1,PNEUMONIA,1,PNEUMONIA,0.632870078086853,0.632870078086853,True
262,person109_bacteria_527.jpeg,C:\Users\lohit\Downloads\archive\chest_xray\test\PNEUMONIA\person109_bacteria_527.jpeg,1,PNEUMONIA,1,PNEUMONIA,0.7839011549949646,0.7839011549949646,True
263,person109_bacteria_528.jpeg,C:\Users\lohit\Downloads\archive\chest_xray\test\PNEUMONIA\person109_bacteria_528.jpeg,1,PNEUMONIA,0,NORMAL,0.2885741591453552,0.71142578125,False
264,person10_virus_35.jpeg,C:\Users\lohit\Downloads\archive\chest_xray\test\PNEUMONIA\person10_virus_35.jpeg,1,PNEUMONIA,1,PNEUMONIA,0.7288259267807007,0.7288259267807007,True
265,person110_bacteria_531.jpeg,C:\Users\lohit\Downloads\archive\chest_xray\test\PNEUMONIA\person110_bacteria_531.jpeg,1,PNEUMONIA,0,NORMAL,0.4388948976993561,0.5611051321029663,False
266,person111_bacteria_533.jpeg,C:\Users\lohit\Downloads\archive\chest_xray\test\PNEUMONIA\person111_bacteria_533.jpeg,1,PNEUMONIA,1,PNEUMONIA,0.8396526575088501,0.8396526575088501,True
267,person111_bacteria_534.jpeg,C:\Users\lohit\Downloads\archive\chest_xray\test\PNEUMONIA\person111_bacteria_534.jpeg,1,PNEUMONIA,1,PNEUMONIA,0.6850323677062988,0.6850323677062988,True
268,person111_bacteria_535.jpeg,C:\Users\lohit\Downloads\archive\chest_xray\test\PNEUMONIA\person111_bacteria_535.jpeg,1,PNEUMONIA,1,PNEUMONIA,0.7788435816764832,0.7788435816764832,True
269,person111_bacteria_536.jpeg,C:\Users\lohit\Downloads\archive\chest_xray\test\PNEUMONIA\person111_bacteria_536.jpeg,1,PNEUMONIA,1,PNEUMONIA,0.8579368591308594,0.8579368591308594,True
270,person111_bacteria_537.jpeg,C:\Users\lohit\Downloads\archive\chest_xray\test\PNEUMONIA\person111_bacteria_537.jpeg,1,PNEUMONIA,1,PNEUMONIA,0.5203442573547363,0.5203442573547363,True
271,person112_bacteria_538.jpeg,C:\Users\lohit\Downloads\archive\chest_xray\test\PNEUMONIA\person112_bacteria_538.jpeg,1,PNEUMONIA,1,PNEUMONIA,0.6031146049499512,0.6031146049499512,True
272,person112_bacteria_539.jpeg,C:\Users\lohit\Downloads\archive\chest_xray\test\PNEUMONIA\person112_bacteria_539.jpeg,1,PNEUMONIA,1,PNEUMONIA,0.5332911610603333,0.5332911610603333,True
273,person113_bacteria_540.jpeg,C:\Users\lohit\Downloads\archive\chest_xray\test\PNEUMONIA\person113_bacteria_540.jpeg,1,PNEUMONIA,1,PNEUMONIA,0.7185634970664978,0.7185634970664978,True
274,person113_bacteria_541.jpeg,C:\Users\lohit\Downloads\archive\chest_xray\test\PNEUMONIA\person113_bacteria_541.jpeg,1,PNEUMONIA,1,PNEUMONIA,0.8222585916519165,0.8222585916519165,True
275,person113_bacteria_542.jpeg,C:\Users\lohit\Downloads\archive\chest_xray\test\PNEUMONIA\person113_bacteria_542.jpeg,1,PNEUMONIA,1,PNEUMONIA,0.7666056156158447,0.7666056156158447,True
276,person113_bacteria_543.jpeg,C:\Users\lohit\Downloads\archive\chest_xray\test\PNEUMONIA\person113_bacteria_543.jpeg,1,PNEUMONIA,0,NORMAL,0.3708322048187256,0.6291677951812744,False
277,person114_bacteria_544.jpeg,C:\Users\lohit\Downloads\archive\chest_xray\test\PNEUMONIA\person114_bacteria_544.jpeg,1,PNEUMONIA,1,PNEUMONIA,0.6850306987762451,0.6850306987762451,True
278,person114_bacteria_545.jpeg,C:\Users\lohit\Downloads\archive\chest_xray\test\PNEUMONIA\person114_bacteria_545.jpeg,1,PNEUMONIA,1,PNEUMONIA,0.6534269452095032,0.6534269452095032,True
279,person114_bacteria_546.jpeg,C:\Users\lohit\Downloads\archive\chest_xray\test\PNEUMONIA\person114_bacteria_546.jpeg,1,PNEUMONIA,1,PNEUMONIA,0.6654876470565796,0.6654876470565796,True
280,person117_bacteria_553.jpeg,C:\Users\lohit\Downloads\archive\chest_xray\test\PNEUMONIA\person117_bacteria_553.jpeg,1,PNEUMONIA,0,NORMAL,0.4276399612426758,0.5723600387573242,False
281,person117_bacteria_556.jpeg,C:\Users\lohit\Downloads\archive\chest_xray\test\PNEUMONIA\person117_bacteria_556.jpeg,1,PNEUMONIA,0,NORMAL,0.4548691511154175,0.5451307892799377,False
282,person117_bacteria_557.jpeg,C:\Users\lohit\Downloads\archive\chest_xray\test\PNEUMONIA\person117_bacteria_557.jpeg,1,PNEUMONIA,0,NORMAL,0.3153494894504547,0.6846505403518677,False
283,person118_bacteria_559.jpeg,C:\Users\lohit\Downloads\archive\chest_xray\test\PNEUMONIA\person118_bacteria_559.jpeg,1,PNEUMONIA,1,PNEUMONIA,0.6479305624961853,0.6479305624961853,True
284,person118_bacteria_560.jpeg,C:\Users\lohit\Downloads\archive\chest_xray\test\PNEUMONIA\person118_bacteria_560.jpeg,1,PNEUMONIA,0,NORMAL,0.38390013575553894,0.6160998344421387,False
285,person119_bacteria_565.jpeg,C:\Users\lohit\Downloads\archive\chest_xray\test\PNEUMONIA\person119_bacteria_565.jpeg,1,PNEUMONIA,1,PNEUMONIA,0.849374532699585,0.849374532699585,True
286,person119_bacteria_566.jpeg,C:\Users\lohit\Downloads\archive\chest_xray\test\PNEUMONIA\person119_bacteria_566.jpeg,1,PNEUMONIA,1,PNEUMONIA,0.7472177147865295,0.7472177147865295,True
287,person119_bacteria_567.jpeg,C:\Users\lohit\Downloads\archive\chest_xray\test\PNEUMONIA\person119_bacteria_567.jpeg,1,PNEUMONIA,0,NORMAL,0.3463717997074127,0.6536281704902649,False
288,person119_bacteria_568.jpeg,C:\Users\lohit\Downloads\archive\chest_xray\test\PNEUMONIA\person119_bacteria_568.jpeg,1,PNEUMONIA,0,NORMAL,0.33531153202056885,0.6646884679794312,False
289,person11_virus_38.jpeg,C:\Users\lohit\Downloads\archive\chest_xray\test\PNEUMONIA\person11_virus_38.jpeg,1,PNEUMONIA,1,PNEUMONIA,0.7066797614097595,0.7066797614097595,True
290,person120_bacteria_570.jpeg,C:\Users\lohit\Downloads\archive\chest_xray\test\PNEUMONIA\person120_bacteria_570.jpeg,1,PNEUMONIA,1,PNEUMONIA,0.7899041175842285,0.7899041175842285,True
291,person120_bacteria_571.jpeg,C:\Users\lohit\Downloads\archive\chest_xray\test\PNEUMONIA\person120_bacteria_571.jpeg,1,PNEUMONIA,1,PNEUMONIA,0.7739854454994202,0.7739854454994202,True
292,person120_bacteria_572.jpeg,C:\Users\lohit\Downloads\archive\chest_xray\test\PNEUMONIA\person120_bacteria_572.jpeg,1,PNEUMONIA,1,PNEUMONIA,0.8570024967193604,0.8570024967193604,True
293,person120_bacteria_573.jpeg,C:\Users\lohit\Downloads\archive\chest_xray\test\PNEUMONIA\person120_bacteria_573.jpeg,1,PNEUMONIA,0,NORMAL,0.39437544345855713,0.6056244969367981,False
294,person121_bacteria_575.jpeg,C:\Users\lohit\Downloads\archive\chest_xray\test\PNEUMONIA\person121_bacteria_575.jpeg,1,PNEUMONIA,1,PNEUMONIA,0.6445835828781128,0.6445835828781128,True
295,person121_bacteria_576.jpeg,C:\Users\lohit\Downloads\archive\chest_xray\test\PNEUMONIA\person121_bacteria_576.jpeg,1,PNEUMONIA,1,PNEUMONIA,0.8465555906295776,0.8465555906295776,True
296,person121_bacteria_578.jpeg,C:\Users\lohit\Downloads\archive\chest_xray\test\PNEUMONIA\person121_bacteria_578.jpeg,1,PNEUMONIA,1,PNEUMONIA,0.8824014663696289,0.8824014663696289,True
297,person121_bacteria_579.jpeg,C:\Users\lohit\Downloads\archive\chest_xray\test\PNEUMONIA\person121_bacteria_579.jpeg,1,PNEUMONIA,1,PNEUMONIA,0.7444688677787781,0.7444688677787781,True
298,person121_bacteria_580.jpeg,C:\Users\lohit\Downloads\archive\chest_xray\test\PNEUMONIA\person121_bacteria_580.jpeg,1,PNEUMONIA,0,NORMAL,0.35021263360977173,0.6497873663902283,False
299,person122_bacteria_581.jpeg,C:\Users\lohit\Downloads\archive\chest_xray\test\PNEUMONIA\person122_bacteria_581.jpeg,1,PNEUMONIA,0,NORMAL,0.29865720868110657,0.701342761516571,False
300,person122_bacteria_582.jpeg,C:\Users\lohit\Downloads\archive\chest_xray\test\PNEUMONIA\person122_bacteria_582.jpeg,1,PNEUMONIA,1,PNEUMONIA,0.7883192300796509,0.7883192300796509,True
301,person122_bacteria_583.jpeg,C:\Users\lohit\Downloads\archive\chest_xray\test\PNEUMONIA\person122_bacteria_583.jpeg,1,PNEUMONIA,1,PNEUMONIA,0.7051475644111633,0.7051475644111633,True
302,person122_bacteria_584.jpeg,C:\Users\lohit\Downloads\archive\chest_xray\test\PNEUMONIA\person122_bacteria_584.jpeg,1,PNEUMONIA,1,PNEUMONIA,0.5598611831665039,0.5598611831665039,True
303,person122_bacteria_585.jpeg,C:\Users\lohit\Downloads\archive\chest_xray\test\PNEUMONIA\person122_bacteria_585.jpeg,1,PNEUMONIA,1,PNEUMONIA,0.710440993309021,0.710440993309021,True
304,person122_bacteria_586.jpeg,C:\Users\lohit\Downloads\archive\chest_xray\test\PNEUMONIA\person122_bacteria_586.jpeg,1,PNEUMONIA,1,PNEUMONIA,0.7406902313232422,0.7406902313232422,True
305,person123_bacteria_587.jpeg,C:\Users\lohit\Downloads\archive\chest_xray\test\PNEUMONIA\person123_bacteria_587.jpeg,1,PNEUMONIA,1,PNEUMONIA,0.7444959282875061,0.7444959282875061,True
306,person124_bacteria_589.jpeg,C:\Users\lohit\Downloads\archive\chest_xray\test\PNEUMONIA\person124_bacteria_589.jpeg,1,PNEUMONIA,1,PNEUMONIA,0.7368512749671936,0.7368512749671936,True
307,person124_bacteria_590.jpeg,C:\Users\lohit\Downloads\archive\chest_xray\test\PNEUMONIA\person124_bacteria_590.jpeg,1,PNEUMONIA,1,PNEUMONIA,0.6840086579322815,0.6840086579322815,True
308,person124_bacteria_591.jpeg,C:\Users\lohit\Downloads\archive\chest_xray\test\PNEUMONIA\person124_bacteria_591.jpeg,1,PNEUMONIA,0,NORMAL,0.4487881660461426,0.5512118339538574,False
309,person124_bacteria_592.jpeg,C:\Users\lohit\Downloads\archive\chest_xray\test\PNEUMONIA\person124_bacteria_592.jpeg,1,PNEUMONIA,0,NORMAL,0.39072272181510925,0.6092772483825684,False
310,person125_bacteria_594.jpeg,C:\Users\lohit\Downloads\archive\chest_xray\test\PNEUMONIA\person125_bacteria_594.jpeg,1,PNEUMONIA,1,PNEUMONIA,0.6723219156265259,0.6723219156265259,True
311,person125_bacteria_595.jpeg,C:\Users\lohit\Downloads\archive\chest_xray\test\PNEUMONIA\person125_bacteria_595.jpeg,1,PNEUMONIA,0,NORMAL,0.49542006850242615,0.5045798420906067,False
312,person126_bacteria_598.jpeg,C:\Users\lohit\Downloads\archive\chest_xray\test\PNEUMONIA\person126_bacteria_598.jpeg,1,PNEUMONIA,1,PNEUMONIA,0.7836916446685791,0.7836916446685791,True
313,person126_bacteria_599.jpeg,C:\Users\lohit\Downloads\archive\chest_xray\test\PNEUMONIA\person126_bacteria_599.jpeg,1,PNEUMONIA,1,PNEUMONIA,0.8350502848625183,0.8350502848625183,True
314,person126_bacteria_600.jpeg,C:\Users\lohit\Downloads\archive\chest_xray\test\PNEUMONIA\person126_bacteria_600.jpeg,1,PNEUMONIA,1,PNEUMONIA,0.8421450853347778,0.8421450853347778,True
315,person127_bacteria_602.jpeg,C:\Users\lohit\Downloads\archive\chest_xray\test\PNEUMONIA\person127_bacteria_602.jpeg,1,PNEUMONIA,1,PNEUMONIA,0.7240356802940369,0.7240356802940369,True
316,person127_bacteria_603.jpeg,C:\Users\lohit\Downloads\archive\chest_xray\test\PNEUMONIA\person127_bacteria_603.jpeg,1,PNEUMONIA,1,PNEUMONIA,0.5874115228652954,0.5874115228652954,True
317,person127_bacteria_604.jpeg,C:\Users\lohit\Downloads\archive\chest_xray\test\PNEUMONIA\person127_bacteria_604.jpeg,1,PNEUMONIA,0,NORMAL,0.35158318281173706,0.6484168171882629,False
318,person128_bacteria_605.jpeg,C:\Users\lohit\Downloads\archive\chest_xray\test\PNEUMONIA\person128_bacteria_605.jpeg,1,PNEUMONIA,1,PNEUMONIA,0.7576323747634888,0.7576323747634888,True
319,person128_bacteria_606.jpeg,C:\Users\lohit\Downloads\archive\chest_xray\test\PNEUMONIA\person128_bacteria_606.jpeg,1,PNEUMONIA,1,PNEUMONIA,0.6683604717254639,0.6683604717254639,True
320,person128_bacteria_607.jpeg,C:\Users\lohit\Downloads\archive\chest_xray\test\PNEUMONIA\person128_bacteria_607.jpeg,1,PNEUMONIA,1,PNEUMONIA,0.6683604717254639,0.6683604717254639,True
321,person128_bacteria_608.jpeg,C:\Users\lohit\Downloads\archive\chest_xray\test\PNEUMONIA\person128_bacteria_608.jpeg,1,PNEUMONIA,1,PNEUMONIA,0.5785888433456421,0.5785888433456421,True
322,person130_bacteria_623.jpeg,C:\Users\lohit\Downloads\archive\chest_xray\test\PNEUMONIA\person130_bacteria_623.jpeg,1,PNEUMONIA,0,NORMAL,0.43299439549446106,0.5670056343078613,False
323,person130_bacteria_625.jpeg,C:\Users\lohit\Downloads\archive\chest_xray\test\PNEUMONIA\person130_bacteria_625.jpeg,1,PNEUMONIA,1,PNEUMONIA,0.7989422082901001,0.7989422082901001,True
324,person130_bacteria_626.jpeg,C:\Users\lohit\Downloads\archive\chest_xray\test\PNEUMONIA\person130_bacteria_626.jpeg,1,PNEUMONIA,1,PNEUMONIA,0.8071011304855347,0.8071011304855347,True
325,person130_bacteria_627.jpeg,C:\Users\lohit\Downloads\archive\chest_xray\test\PNEUMONIA\person130_bacteria_627.jpeg,1,PNEUMONIA,1,PNEUMONIA,0.7112289071083069,0.7112289071083069,True
326,person130_bacteria_628.jpeg,C:\Users\lohit\Downloads\archive\chest_xray\test\PNEUMONIA\person130_bacteria_628.jpeg,1,PNEUMONIA,1,PNEUMONIA,0.673554003238678,0.673554003238678,True
327,person131_bacteria_629.jpeg,C:\Users\lohit\Downloads\archive\chest_xray\test\PNEUMONIA\person131_bacteria_629.jpeg,1,PNEUMONIA,1,PNEUMONIA,0.7406048774719238,0.7406048774719238,True
328,person132_bacteria_632.jpeg,C:\Users\lohit\Downloads\archive\chest_xray\test\PNEUMONIA\person132_bacteria_632.jpeg,1,PNEUMONIA,1,PNEUMONIA,0.6018466353416443,0.6018466353416443,True
329,person133_bacteria_633.jpeg,C:\Users\lohit\Downloads\archive\chest_xray\test\PNEUMONIA\person133_bacteria_633.jpeg,1,PNEUMONIA,1,PNEUMONIA,0.7638388276100159,0.7638388276100159,True
330,person133_bacteria_634.jpeg,C:\Users\lohit\Downloads\archive\chest_xray\test\PNEUMONIA\person133_bacteria_634.jpeg,1,PNEUMONIA,1,PNEUMONIA,0.7768155336380005,0.7768155336380005,True
331,person133_bacteria_635.jpeg,C:\Users\lohit\Downloads\archive\chest_xray\test\PNEUMONIA\person133_bacteria_635.jpeg,1,PNEUMONIA,1,PNEUMONIA,0.8050562739372253,0.8050562739372253,True
332,person133_bacteria_637.jpeg,C:\Users\lohit\Downloads\archive\chest_xray\test\PNEUMONIA\person133_bacteria_637.jpeg,1,PNEUMONIA,1,PNEUMONIA,0.839288055896759,0.839288055896759,True
333,person133_bacteria_638.jpeg,C:\Users\lohit\Downloads\archive\chest_xray\test\PNEUMONIA\person133_bacteria_638.jpeg,1,PNEUMONIA,1,PNEUMONIA,0.5290998816490173,0.5290998816490173,True
334,person134_bacteria_640.jpeg,C:\Users\lohit\Downloads\archive\chest_xray\test\PNEUMONIA\person134_bacteria_640.jpeg,1,PNEUMONIA,1,PNEUMONIA,0.7207279205322266,0.7207279205322266,True
335,person134_bacteria_641.jpeg,C:\Users\lohit\Downloads\archive\chest_xray\test\PNEUMONIA\person134_bacteria_641.jpeg,1,PNEUMONIA,1,PNEUMONIA,0.7348518967628479,0.7348518967628479,True
336,person134_bacteria_642.jpeg,C:\Users\lohit\Downloads\archive\chest_xray\test\PNEUMONIA\person134_bacteria_642.jpeg,1,PNEUMONIA,1,PNEUMONIA,0.6679348945617676,0.6679348945617676,True
337,person134_bacteria_643.jpeg,C:\Users\lohit\Downloads\archive\chest_xray\test\PNEUMONIA\person134_bacteria_643.jpeg,1,PNEUMONIA,1,PNEUMONIA,0.7411513924598694,0.7411513924598694,True
338,person134_bacteria_644.jpeg,C:\Users\lohit\Downloads\archive\chest_xray\test\PNEUMONIA\person134_bacteria_644.jpeg,1,PNEUMONIA,1,PNEUMONIA,0.7411513924598694,0.7411513924598694,True
339,person135_bacteria_646.jpeg,C:\Users\lohit\Downloads\archive\chest_xray\test\PNEUMONIA\person135_bacteria_646.jpeg,1,PNEUMONIA,1,PNEUMONIA,0.8168359398841858,0.8168359398841858,True
340,person135_bacteria_647.jpeg,C:\Users\lohit\Downloads\archive\chest_xray\test\PNEUMONIA\person135_bacteria_647.jpeg,1,PNEUMONIA,1,PNEUMONIA,0.7168921828269958,0.7168921828269958,True
341,person136_bacteria_648.jpeg,C:\Users\lohit\Downloads\archive\chest_xray\test\PNEUMONIA\person136_bacteria_648.jpeg,1,PNEUMONIA,0,NORMAL,0.3671606779098511,0.6328393220901489,False
342,person136_bacteria_649.jpeg,C:\Users\lohit\Downloads\archive\chest_xray\test\PNEUMONIA\person136_bacteria_649.jpeg,1,PNEUMONIA,1,PNEUMONIA,0.5585295557975769,0.5585295557975769,True
343,person136_bacteria_650.jpeg,C:\Users\lohit\Downloads\archive\chest_xray\test\PNEUMONIA\person136_bacteria_650.jpeg,1,PNEUMONIA,1,PNEUMONIA,0.6997572779655457,0.6997572779655457,True
344,person136_bacteria_652.jpeg,C:\Users\lohit\Downloads\archive\chest_xray\test\PNEUMONIA\person136_bacteria_652.jpeg,1,PNEUMONIA,1,PNEUMONIA,0.58631432056427,0.58631432056427,True
345,person136_bacteria_654.jpeg,C:\Users\lohit\Downloads\archive\chest_xray\test\PNEUMONIA\person136_bacteria_654.jpeg,1,PNEUMONIA,0,NORMAL,0.44100698828697205,0.5589929819107056,False
346,person137_bacteria_655.jpeg,C:\Users\lohit\Downloads\archive\chest_xray\test\PNEUMONIA\person137_bacteria_655.jpeg,1,PNEUMONIA,1,PNEUMONIA,0.8091079592704773,0.8091079592704773,True
347,person138_bacteria_657.jpeg,C:\Users\lohit\Downloads\archive\chest_xray\test\PNEUMONIA\person138_bacteria_657.jpeg,1,PNEUMONIA,1,PNEUMONIA,0.5770155191421509,0.5770155191421509,True
348,person138_bacteria_658.jpeg,C:\Users\lohit\Downloads\archive\chest_xray\test\PNEUMONIA\person138_bacteria_658.jpeg,1,PNEUMONIA,1,PNEUMONIA,0.5257982611656189,0.5257982611656189,True
349,person138_bacteria_659.jpeg,C:\Users\lohit\Downloads\archive\chest_xray\test\PNEUMONIA\person138_bacteria_659.jpeg,1,PNEUMONIA,1,PNEUMONIA,0.6043962240219116,0.6043962240219116,True
350,person139_bacteria_661.jpeg,C:\Users\lohit\Downloads\archive\chest_xray\test\PNEUMONIA\person139_bacteria_661.jpeg,1,PNEUMONIA,1,PNEUMONIA,0.632995069026947,0.632995069026947,True
351,person139_bacteria_662.jpeg,C:\Users\lohit\Downloads\archive\chest_xray\test\PNEUMONIA\person139_bacteria_662.jpeg,1,PNEUMONIA,1,PNEUMONIA,0.763339638710022,0.763339638710022,True
352,person139_bacteria_663.jpeg,C:\Users\lohit\Downloads\archive\chest_xray\test\PNEUMONIA\person139_bacteria_663.jpeg,1,PNEUMONIA,1,PNEUMONIA,0.6878669857978821,0.6878669857978821,True
353,person139_bacteria_664.jpeg,C:\Users\lohit\Downloads\archive\chest_xray\test\PNEUMONIA\person139_bacteria_664.jpeg,1,PNEUMONIA,1,PNEUMONIA,0.7727718353271484,0.7727718353271484,True
354,person139_bacteria_665.jpeg,C:\Users\lohit\Downloads\archive\chest_xray\test\PNEUMONIA\person139_bacteria_665.jpeg,1,PNEUMONIA,1,PNEUMONIA,0.7608652710914612,0.7608652710914612,True
355,person139_bacteria_666.jpeg,C:\Users\lohit\Downloads\archive\chest_xray\test\PNEUMONIA\person139_bacteria_666.jpeg,1,PNEUMONIA,1,PNEUMONIA,0.605841875076294,0.605841875076294,True
356,person140_bacteria_667.jpeg,C:\Users\lohit\Downloads\archive\chest_xray\test\PNEUMONIA\person140_bacteria_667.jpeg,1,PNEUMONIA,1,PNEUMONIA,0.5660676956176758,0.5660676956176758,True
357,person140_bacteria_668.jpeg,C:\Users\lohit\Downloads\archive\chest_xray\test\PNEUMONIA\person140_bacteria_668.jpeg,1,PNEUMONIA,0,NORMAL,0.37837305665016174,0.6216269135475159,False
358,person141_bacteria_670.jpeg,C:\Users\lohit\Downloads\archive\chest_xray\test\PNEUMONIA\person141_bacteria_670.jpeg,1,PNEUMONIA,1,PNEUMONIA,0.7790069580078125,0.7790069580078125,True
359,person141_bacteria_676.jpeg,C:\Users\lohit\Downloads\archive\chest_xray\test\PNEUMONIA\person141_bacteria_676.jpeg,1,PNEUMONIA,1,PNEUMONIA,0.7232292890548706,0.7232292890548706,True
360,person141_bacteria_677.jpeg,C:\Users\lohit\Downloads\archive\chest_xray\test\PNEUMONIA\person141_bacteria_677.jpeg,1,PNEUMONIA,0,NORMAL,0.4110463261604309,0.5889537334442139,False
361,person141_bacteria_678.jpeg,C:\Users\lohit\Downloads\archive\chest_xray\test\PNEUMONIA\person141_bacteria_678.jpeg,1,PNEUMONIA,1,PNEUMONIA,0.5350077748298645,0.5350077748298645,True
362,person141_bacteria_681.jpeg,C:\Users\lohit\Downloads\archive\chest_xray\test\PNEUMONIA\person141_bacteria_681.jpeg,1,PNEUMONIA,1,PNEUMONIA,0.8655885457992554,0.8655885457992554,True
363,person142_bacteria_682.jpeg,C:\Users\lohit\Downloads\archive\chest_xray\test\PNEUMONIA\person142_bacteria_682.jpeg,1,PNEUMONIA,0,NORMAL,0.4962117075920105,0.5037882328033447,False
364,person142_bacteria_683.jpeg,C:\Users\lohit\Downloads\archive\chest_xray\test\PNEUMONIA\person142_bacteria_683.jpeg,1,PNEUMONIA,1,PNEUMONIA,0.5594038963317871,0.5594038963317871,True
365,person142_bacteria_684.jpeg,C:\Users\lohit\Downloads\archive\chest_xray\test\PNEUMONIA\person142_bacteria_684.jpeg,1,PNEUMONIA,1,PNEUMONIA,0.6223650574684143,0.6223650574684143,True
366,person143_bacteria_687.jpeg,C:\Users\lohit\Downloads\archive\chest_xray\test\PNEUMONIA\person143_bacteria_687.jpeg,1,PNEUMONIA,1,PNEUMONIA,0.5311565399169922,0.5311565399169922,True
367,person143_bacteria_688.jpeg,C:\Users\lohit\Downloads\archive\chest_xray\test\PNEUMONIA\person143_bacteria_688.jpeg,1,PNEUMONIA,1,PNEUMONIA,0.7548320889472961,0.7548320889472961,True
368,person143_bacteria_689.jpeg,C:\Users\lohit\Downloads\archive\chest_xray\test\PNEUMONIA\person143_bacteria_689.jpeg,1,PNEUMONIA,0,NORMAL,0.2948750853538513,0.7051249146461487,False
369,person144_bacteria_690.jpeg,C:\Users\lohit\Downloads\archive\chest_xray\test\PNEUMONIA\person144_bacteria_690.jpeg,1,PNEUMONIA,1,PNEUMONIA,0.8807211518287659,0.8807211518287659,True
370,person145_bacteria_696.jpeg,C:\Users\lohit\Downloads\archive\chest_xray\test\PNEUMONIA\person145_bacteria_696.jpeg,1,PNEUMONIA,1,PNEUMONIA,0.8493757247924805,0.8493757247924805,True
371,person146_bacteria_700.jpeg,C:\Users\lohit\Downloads\archive\chest_xray\test\PNEUMONIA\person146_bacteria_700.jpeg,1,PNEUMONIA,1,PNEUMONIA,0.5065082311630249,0.5065082311630249,True
372,person146_bacteria_703.jpeg,C:\Users\lohit\Downloads\archive\chest_xray\test\PNEUMONIA\person146_bacteria_703.jpeg,1,PNEUMONIA,1,PNEUMONIA,0.9027969837188721,0.9027969837188721,True
373,person146_bacteria_704.jpeg,C:\Users\lohit\Downloads\archive\chest_xray\test\PNEUMONIA\person146_bacteria_704.jpeg,1,PNEUMONIA,1,PNEUMONIA,0.6264814734458923,0.6264814734458923,True
374,person147_bacteria_705.jpeg,C:\Users\lohit\Downloads\archive\chest_xray\test\PNEUMONIA\person147_bacteria_705.jpeg,1,PNEUMONIA,1,PNEUMONIA,0.7404224872589111,0.7404224872589111,True
375,person147_bacteria_706.jpeg,C:\Users\lohit\Downloads\archive\chest_xray\test\PNEUMONIA\person147_bacteria_706.jpeg,1,PNEUMONIA,1,PNEUMONIA,0.5006939768791199,0.5006939768791199,True
376,person147_bacteria_707.jpeg,C:\Users\lohit\Downloads\archive\chest_xray\test\PNEUMONIA\person147_bacteria_707.jpeg,1,PNEUMONIA,1,PNEUMONIA,0.5080476999282837,0.5080476999282837,True
377,person147_bacteria_711.jpeg,C:\Users\lohit\Downloads\archive\chest_xray\test\PNEUMONIA\person147_bacteria_711.jpeg,1,PNEUMONIA,0,NORMAL,0.34189993143081665,0.6581000685691833,False
378,person149_bacteria_713.jpeg,C:\Users\lohit\Downloads\archive\chest_xray\test\PNEUMONIA\person149_bacteria_713.jpeg,1,PNEUMONIA,1,PNEUMONIA,0.6443949937820435,0.6443949937820435,True
379,person14_virus_44.jpeg,C:\Users\lohit\Downloads\archive\chest_xray\test\PNEUMONIA\person14_virus_44.jpeg,1,PNEUMONIA,0,NORMAL,0.4487018585205078,0.5512980818748474,False
380,person150_bacteria_715.jpeg,C:\Users\lohit\Downloads\archive\chest_xray\test\PNEUMONIA\person150_bacteria_715.jpeg,1,PNEUMONIA,1,PNEUMONIA,0.6768322587013245,0.6768322587013245,True
381,person150_bacteria_716.jpeg,C:\Users\lohit\Downloads\archive\chest_xray\test\PNEUMONIA\person150_bacteria_716.jpeg,1,PNEUMONIA,1,PNEUMONIA,0.8591271638870239,0.8591271638870239,True
382,person150_bacteria_717.jpeg,C:\Users\lohit\Downloads\archive\chest_xray\test\PNEUMONIA\person150_bacteria_717.jpeg,1,PNEUMONIA,0,NORMAL,0.2075497955083847,0.7924501895904541,False
383,person151_bacteria_718.jpeg,C:\Users\lohit\Downloads\archive\chest_xray\test\PNEUMONIA\person151_bacteria_718.jpeg,1,PNEUMONIA,1,PNEUMONIA,0.6839367747306824,0.6839367747306824,True
384,person152_bacteria_720.jpeg,C:\Users\lohit\Downloads\archive\chest_xray\test\PNEUMONIA\person152_bacteria_720.jpeg,1,PNEUMONIA,1,PNEUMONIA,0.779362142086029,0.779362142086029,True
385,person152_bacteria_721.jpeg,C:\Users\lohit\Downloads\archive\chest_xray\test\PNEUMONIA\person152_bacteria_721.jpeg,1,PNEUMONIA,1,PNEUMONIA,0.9443939924240112,0.9443939924240112,True
386,person152_bacteria_722.jpeg,C:\Users\lohit\Downloads\archive\chest_xray\test\PNEUMONIA\person152_bacteria_722.jpeg,1,PNEUMONIA,1,PNEUMONIA,0.8325433731079102,0.8325433731079102,True
387,person152_bacteria_723.jpeg,C:\Users\lohit\Downloads\archive\chest_xray\test\PNEUMONIA\person152_bacteria_723.jpeg,1,PNEUMONIA,1,PNEUMONIA,0.8029841780662537,0.8029841780662537,True
388,person152_bacteria_724.jpeg,C:\Users\lohit\Downloads\archive\chest_xray\test\PNEUMONIA\person152_bacteria_724.jpeg,1,PNEUMONIA,0,NORMAL,0.4385327696800232,0.5614672303199768,False
389,person153_bacteria_725.jpeg,C:\Users\lohit\Downloads\archive\chest_xray\test\PNEUMONIA\person153_bacteria_725.jpeg,1,PNEUMONIA,1,PNEUMONIA,0.7045198678970337,0.7045198678970337,True
390,person153_bacteria_726.jpeg,C:\Users\lohit\Downloads\archive\chest_xray\test\PNEUMONIA\person153_bacteria_726.jpeg,1,PNEUMONIA,0,NORMAL,0.3660317361354828,0.6339683532714844,False
391,person154_bacteria_728.jpeg,C:\Users\lohit\Downloads\archive\chest_xray\test\PNEUMONIA\person154_bacteria_728.jpeg,1,PNEUMONIA,0,NORMAL,0.25724706053733826,0.7427529692649841,False
392,person155_bacteria_729.jpeg,C:\Users\lohit\Downloads\archive\chest_xray\test\PNEUMONIA\person155_bacteria_729.jpeg,1,PNEUMONIA,1,PNEUMONIA,0.817387044429779,0.817387044429779,True
393,person155_bacteria_730.jpeg,C:\Users\lohit\Downloads\archive\chest_xray\test\PNEUMONIA\person155_bacteria_730.jpeg,1,PNEUMONIA,1,PNEUMONIA,0.6317686438560486,0.6317686438560486,True
394,person155_bacteria_731.jpeg,C:\Users\lohit\Downloads\archive\chest_xray\test\PNEUMONIA\person155_bacteria_731.jpeg,1,PNEUMONIA,1,PNEUMONIA,0.7866190671920776,0.7866190671920776,True
395,person157_bacteria_735.jpeg,C:\Users\lohit\Downloads\archive\chest_xray\test\PNEUMONIA\person157_bacteria_735.jpeg,1,PNEUMONIA,1,PNEUMONIA,0.7308409214019775,0.7308409214019775,True
396,person157_bacteria_739.jpeg,C:\Users\lohit\Downloads\archive\chest_xray\test\PNEUMONIA\person157_bacteria_739.jpeg,1,PNEUMONIA,1,PNEUMONIA,0.6202003359794617,0.6202003359794617,True
397,person157_bacteria_740.jpeg,C:\Users\lohit\Downloads\archive\chest_xray\test\PNEUMONIA\person157_bacteria_740.jpeg,1,PNEUMONIA,1,PNEUMONIA,0.5449559092521667,0.5449559092521667,True
398,person158_bacteria_742.jpeg,C:\Users\lohit\Downloads\archive\chest_xray\test\PNEUMONIA\person158_bacteria_742.jpeg,1,PNEUMONIA,1,PNEUMONIA,0.8745109438896179,0.8745109438896179,True
399,person158_bacteria_743.jpeg,C:\Users\lohit\Downloads\archive\chest_xray\test\PNEUMONIA\person158_bacteria_743.jpeg,1,PNEUMONIA,1,PNEUMONIA,0.8739752173423767,0.8739752173423767,True
400,person158_bacteria_744.jpeg,C:\Users\lohit\Downloads\archive\chest_xray\test\PNEUMONIA\person158_bacteria_744.jpeg,1,PNEUMONIA,1,PNEUMONIA,0.7784525156021118,0.7784525156021118,True
401,person158_bacteria_745.jpeg,C:\Users\lohit\Downloads\archive\chest_xray\test\PNEUMONIA\person158_bacteria_745.jpeg,1,PNEUMONIA,0,NORMAL,0.43035274744033813,0.5696473121643066,False
402,person159_bacteria_746.jpeg,C:\Users\lohit\Downloads\archive\chest_xray\test\PNEUMONIA\person159_bacteria_746.jpeg,1,PNEUMONIA,1,PNEUMONIA,0.9233568906784058,0.9233568906784058,True
403,person159_bacteria_747.jpeg,C:\Users\lohit\Downloads\archive\chest_xray\test\PNEUMONIA\person159_bacteria_747.jpeg,1,PNEUMONIA,1,PNEUMONIA,0.7164900302886963,0.7164900302886963,True
404,person15_virus_46.jpeg,C:\Users\lohit\Downloads\archive\chest_xray\test\PNEUMONIA\person15_virus_46.jpeg,1,PNEUMONIA,0,NORMAL,0.1567150056362152,0.8432850241661072,False
405,person1608_virus_2786.jpeg,C:\Users\lohit\Downloads\archive\chest_xray\test\PNEUMONIA\person1608_virus_2786.jpeg,1,PNEUMONIA,1,PNEUMONIA,0.6953545212745667,0.6953545212745667,True
406,person1610_virus_2793.jpeg,C:\Users\lohit\Downloads\archive\chest_xray\test\PNEUMONIA\person1610_virus_2793.jpeg,1,PNEUMONIA,0,NORMAL,0.44840875267982483,0.5515912175178528,False
407,person1612_virus_2797.jpeg,C:\Users\lohit\Downloads\archive\chest_xray\test\PNEUMONIA\person1612_virus_2797.jpeg,1,PNEUMONIA,1,PNEUMONIA,0.5499139428138733,0.5499139428138733,True
408,person1612_virus_2798.jpeg,C:\Users\lohit\Downloads\archive\chest_xray\test\PNEUMONIA\person1612_virus_2798.jpeg,1,PNEUMONIA,1,PNEUMONIA,0.5802907943725586,0.5802907943725586,True
409,person1613_virus_2799.jpeg,C:\Users\lohit\Downloads\archive\chest_xray\test\PNEUMONIA\person1613_virus_2799.jpeg,1,PNEUMONIA,1,PNEUMONIA,0.6649456024169922,0.6649456024169922,True
410,person1614_virus_2800.jpeg,C:\Users\lohit\Downloads\archive\chest_xray\test\PNEUMONIA\person1614_virus_2800.jpeg,1,PNEUMONIA,0,NORMAL,0.4818709194660187,0.5181291103363037,False
411,person1615_virus_2801.jpeg,C:\Users\lohit\Downloads\archive\chest_xray\test\PNEUMONIA\person1615_virus_2801.jpeg,1,PNEUMONIA,0,NORMAL,0.4220017194747925,0.5779983401298523,False
412,person1616_virus_2802.jpeg,C:\Users\lohit\Downloads\archive\chest_xray\test\PNEUMONIA\person1616_virus_2802.jpeg,1,PNEUMONIA,1,PNEUMONIA,0.5578107833862305,0.5578107833862305,True
413,person1618_virus_2805.jpeg,C:\Users\lohit\Downloads\archive\chest_xray\test\PNEUMONIA\person1618_virus_2805.jpeg,1,PNEUMONIA,1,PNEUMONIA,0.814312219619751,0.814312219619751,True
414,person1619_virus_2806.jpeg,C:\Users\lohit\Downloads\archive\chest_xray\test\PNEUMONIA\person1619_virus_2806.jpeg,1,PNEUMONIA,1,PNEUMONIA,0.6207789182662964,0.6207789182662964,True
415,person161_bacteria_757.jpeg,C:\Users\lohit\Downloads\archive\chest_xray\test\PNEUMONIA\person161_bacteria_757.jpeg,1,PNEUMONIA,0,NORMAL,0.4619061350822449,0.5380938649177551,False
416,person161_bacteria_759.jpeg,C:\Users\lohit\Downloads\archive\chest_xray\test\PNEUMONIA\person161_bacteria_759.jpeg,1,PNEUMONIA,1,PNEUMONIA,0.8009093403816223,0.8009093403816223,True
417,person161_bacteria_762.jpeg,C:\Users\lohit\Downloads\archive\chest_xray\test\PNEUMONIA\person161_bacteria_762.jpeg,1,PNEUMONIA,0,NORMAL,0.4138104021549225,0.5861895680427551,False
418,person1620_virus_2807.jpeg,C:\Users\lohit\Downloads\archive\chest_xray\test\PNEUMONIA\person1620_virus_2807.jpeg,1,PNEUMONIA,0,NORMAL,0.38917097449302673,0.6108290553092957,False
419,person1622_virus_2810.jpeg,C:\Users\lohit\Downloads\archive\chest_xray\test\PNEUMONIA\person1622_virus_2810.jpeg,1,PNEUMONIA,1,PNEUMONIA,0.8092842698097229,0.8092842698097229,True
420,person1623_virus_2813.jpeg,C:\Users\lohit\Downloads\archive\chest_xray\test\PNEUMONIA\person1623_virus_2813.jpeg,1,PNEUMONIA,0,NORMAL,0.4304869771003723,0.5695129632949829,False
421,person1625_virus_2817.jpeg,C:\Users\lohit\Downloads\archive\chest_xray\test\PNEUMONIA\person1625_virus_2817.jpeg,1,PNEUMONIA,0,NORMAL,0.44448184967041016,0.5555180907249451,False
422,person1626_virus_2818.jpeg,C:\Users\lohit\Downloads\archive\chest_xray\test\PNEUMONIA\person1626_virus_2818.jpeg,1,PNEUMONIA,1,PNEUMONIA,0.6192122101783752,0.6192122101783752,True
423,person1627_virus_2819.jpeg,C:\Users\lohit\Downloads\archive\chest_xray\test\PNEUMONIA\person1627_virus_2819.jpeg,1,PNEUMONIA,1,PNEUMONIA,0.5355782508850098,0.5355782508850098,True
424,person1628_virus_2821.jpeg,C:\Users\lohit\Downloads\archive\chest_xray\test\PNEUMONIA\person1628_virus_2821.jpeg,1,PNEUMONIA,1,PNEUMONIA,0.6628496646881104,0.6628496646881104,True
425,person1628_virus_2822.jpeg,C:\Users\lohit\Downloads\archive\chest_xray\test\PNEUMONIA\person1628_virus_2822.jpeg,1,PNEUMONIA,1,PNEUMONIA,0.5118693113327026,0.5118693113327026,True
426,person1629_virus_2823.jpeg,C:\Users\lohit\Downloads\archive\chest_xray\test\PNEUMONIA\person1629_virus_2823.jpeg,1,PNEUMONIA,0,NORMAL,0.45293328166007996,0.5470666885375977,False
427,person1631_virus_2826.jpeg,C:\Users\lohit\Downloads\archive\chest_xray\test\PNEUMONIA\person1631_virus_2826.jpeg,1,PNEUMONIA,1,PNEUMONIA,0.5752742886543274,0.5752742886543274,True
428,person1632_virus_2827.jpeg,C:\Users\lohit\Downloads\archive\chest_xray\test\PNEUMONIA\person1632_virus_2827.jpeg,1,PNEUMONIA,1,PNEUMONIA,0.8078616857528687,0.8078616857528687,True
429,person1633_virus_2829.jpeg,C:\Users\lohit\Downloads\archive\chest_xray\test\PNEUMONIA\person1633_virus_2829.jpeg,1,PNEUMONIA,0,NORMAL,0.48541873693466187,0.5145812630653381,False
430,person1634_virus_2830.jpeg,C:\Users\lohit\Downloads\archive\chest_xray\test\PNEUMONIA\person1634_virus_2830.jpeg,1,PNEUMONIA,0,NORMAL,0.4812312722206116,0.5187687277793884,False
431,person1635_virus_2831.jpeg,C:\Users\lohit\Downloads\archive\chest_xray\test\PNEUMONIA\person1635_virus_2831.jpeg,1,PNEUMONIA,1,PNEUMONIA,0.5977634191513062,0.5977634191513062,True
432,person1637_virus_2834.jpeg,C:\Users\lohit\Downloads\archive\chest_xray\test\PNEUMONIA\person1637_virus_2834.jpeg,1,PNEUMONIA,0,NORMAL,0.463905930519104,0.536094069480896,False
433,person1640_virus_2839.jpeg,C:\Users\lohit\Downloads\archive\chest_xray\test\PNEUMONIA\person1640_virus_2839.jpeg,1,PNEUMONIA,1,PNEUMONIA,0.671408474445343,0.671408474445343,True
434,person1641_virus_2840.jpeg,C:\Users\lohit\Downloads\archive\chest_xray\test\PNEUMONIA\person1641_virus_2840.jpeg,1,PNEUMONIA,1,PNEUMONIA,0.7318376302719116,0.7318376302719116,True
435,person1642_virus_2842.jpeg,C:\Users\lohit\Downloads\archive\chest_xray\test\PNEUMONIA\person1642_virus_2842.jpeg,1,PNEUMONIA,1,PNEUMONIA,0.6151981949806213,0.6151981949806213,True
436,person1643_virus_2843.jpeg,C:\Users\lohit\Downloads\archive\chest_xray\test\PNEUMONIA\person1643_virus_2843.jpeg,1,PNEUMONIA,1,PNEUMONIA,0.5578146576881409,0.5578146576881409,True
437,person1644_virus_2844.jpeg,C:\Users\lohit\Downloads\archive\chest_xray\test\PNEUMONIA\person1644_virus_2844.jpeg,1,PNEUMONIA,0,NORMAL,0.49408167600631714,0.5059183835983276,False
438,person1645_virus_2845.jpeg,C:\Users\lohit\Downloads\archive\chest_xray\test\PNEUMONIA\person1645_virus_2845.jpeg,1,PNEUMONIA,1,PNEUMONIA,0.6922003626823425,0.6922003626823425,True
439,person1647_virus_2848.jpeg,C:\Users\lohit\Downloads\archive\chest_xray\test\PNEUMONIA\person1647_virus_2848.jpeg,1,PNEUMONIA,0,NORMAL,0.39779144525527954,0.6022085547447205,False
440,person1649_virus_2850.jpeg,C:\Users\lohit\Downloads\archive\chest_xray\test\PNEUMONIA\person1649_virus_2850.jpeg,1,PNEUMONIA,1,PNEUMONIA,0.50987309217453,0.50987309217453,True
441,person1650_virus_2852.jpeg,C:\Users\lohit\Downloads\archive\chest_xray\test\PNEUMONIA\person1650_virus_2852.jpeg,1,PNEUMONIA,1,PNEUMONIA,0.575577437877655,0.575577437877655,True
442,person1650_virus_2854.jpeg,C:\Users\lohit\Downloads\archive\chest_xray\test\PNEUMONIA\person1650_virus_2854.jpeg,1,PNEUMONIA,1,PNEUMONIA,0.6388545036315918,0.6388545036315918,True
443,person1651_virus_2855.jpeg,C:\Users\lohit\Downloads\archive\chest_xray\test\PNEUMONIA\person1651_virus_2855.jpeg,1,PNEUMONIA,1,PNEUMONIA,0.5297545790672302,0.5297545790672302,True
444,person1653_virus_2858.jpeg,C:\Users\lohit\Downloads\archive\chest_xray\test\PNEUMONIA\person1653_virus_2858.jpeg,1,PNEUMONIA,1,PNEUMONIA,0.5971455574035645,0.5971455574035645,True
445,person1653_virus_2859.jpeg,C:\Users\lohit\Downloads\archive\chest_xray\test\PNEUMONIA\person1653_virus_2859.jpeg,1,PNEUMONIA,0,NORMAL,0.4519127309322357,0.5480872988700867,False
446,person1655_virus_2861.jpeg,C:\Users\lohit\Downloads\archive\chest_xray\test\PNEUMONIA\person1655_virus_2861.jpeg,1,PNEUMONIA,0,NORMAL,0.37308552861213684,0.6269145011901855,False
447,person1656_virus_2862.jpeg,C:\Users\lohit\Downloads\archive\chest_xray\test\PNEUMONIA\person1656_virus_2862.jpeg,1,PNEUMONIA,1,PNEUMONIA,0.6972253322601318,0.6972253322601318,True
448,person1657_virus_2864.jpeg,C:\Users\lohit\Downloads\archive\chest_xray\test\PNEUMONIA\person1657_virus_2864.jpeg,1,PNEUMONIA,1,PNEUMONIA,0.5498255491256714,0.5498255491256714,True
449,person1659_virus_2867.jpeg,C:\Users\lohit\Downloads\archive\chest_xray\test\PNEUMONIA\person1659_virus_2867.jpeg,1,PNEUMONIA,0,NORMAL,0.48065871000289917,0.5193413496017456,False
450,person1660_virus_2869.jpeg,C:\Users\lohit\Downloads\archive\chest_xray\test\PNEUMONIA\person1660_virus_2869.jpeg,1,PNEUMONIA,0,NORMAL,0.4016457200050354,0.5983542799949646,False
451,person1661_virus_2872.jpeg,C:\Users\lohit\Downloads\archive\chest_xray\test\PNEUMONIA\person1661_virus_2872.jpeg,1,PNEUMONIA,1,PNEUMONIA,0.5541544556617737,0.5541544556617737,True
452,person1661_virus_2873.jpeg,C:\Users\lohit\Downloads\archive\chest_xray\test\PNEUMONIA\person1661_virus_2873.jpeg,1,PNEUMONIA,1,PNEUMONIA,0.5541544556617737,0.5541544556617737,True
453,person1662_virus_2875.jpeg,C:\Users\lohit\Downloads\archive\chest_xray\test\PNEUMONIA\person1662_virus_2875.jpeg,1,PNEUMONIA,0,NORMAL,0.46329399943351746,0.5367060303688049,False
454,person1663_virus_2876.jpeg,C:\Users\lohit\Downloads\archive\chest_xray\test\PNEUMONIA\person1663_virus_2876.jpeg,1,PNEUMONIA,1,PNEUMONIA,0.6394385695457458,0.6394385695457458,True
455,person1664_virus_2877.jpeg,C:\Users\lohit\Downloads\archive\chest_xray\test\PNEUMONIA\person1664_virus_2877.jpeg,1,PNEUMONIA,1,PNEUMONIA,0.525485098361969,0.525485098361969,True
456,person1665_virus_2878.jpeg,C:\Users\lohit\Downloads\archive\chest_xray\test\PNEUMONIA\person1665_virus_2878.jpeg,1,PNEUMONIA,1,PNEUMONIA,0.5538551211357117,0.5538551211357117,True
457,person1667_virus_2881.jpeg,C:\Users\lohit\Downloads\archive\chest_xray\test\PNEUMONIA\person1667_virus_2881.jpeg,1,PNEUMONIA,0,NORMAL,0.47213631868362427,0.5278636813163757,False
458,person1668_virus_2882.jpeg,C:\Users\lohit\Downloads\archive\chest_xray\test\PNEUMONIA\person1668_virus_2882.jpeg,1,PNEUMONIA,0,NORMAL,0.49580827355384827,0.5041917562484741,False
459,person1669_virus_2884.jpeg,C:\Users\lohit\Downloads\archive\chest_xray\test\PNEUMONIA\person1669_virus_2884.jpeg,1,PNEUMONIA,0,NORMAL,0.4897991120815277,0.5102009177207947,False
460,person1669_virus_2885.jpeg,C:\Users\lohit\Downloads\archive\chest_xray\test\PNEUMONIA\person1669_virus_2885.jpeg,1,PNEUMONIA,1,PNEUMONIA,0.5241153240203857,0.5241153240203857,True
461,person1670_virus_2886.jpeg,C:\Users\lohit\Downloads\archive\chest_xray\test\PNEUMONIA\person1670_virus_2886.jpeg,1,PNEUMONIA,1,PNEUMONIA,0.6038212776184082,0.6038212776184082,True
462,person1671_virus_2887.jpeg,C:\Users\lohit\Downloads\archive\chest_xray\test\PNEUMONIA\person1671_virus_2887.jpeg,1,PNEUMONIA,0,NORMAL,0.4865187108516693,0.5134813189506531,False
463,person1672_virus_2888.jpeg,C:\Users\lohit\Downloads\archive\chest_xray\test\PNEUMONIA\person1672_virus_2888.jpeg,1,PNEUMONIA,0,NORMAL,0.39618155360221863,0.603818416595459,False
464,person1673_virus_2889.jpeg,C:\Users\lohit\Downloads\archive\chest_xray\test\PNEUMONIA\person1673_virus_2889.jpeg,1,PNEUMONIA,1,PNEUMONIA,0.5376627445220947,0.5376627445220947,True
465,person1674_virus_2890.jpeg,C:\Users\lohit\Downloads\archive\chest_xray\test\PNEUMONIA\person1674_virus_2890.jpeg,1,PNEUMONIA,1,PNEUMONIA,0.7423118352890015,0.7423118352890015,True
466,person1675_virus_2891.jpeg,C:\Users\lohit\Downloads\archive\chest_xray\test\PNEUMONIA\person1675_virus_2891.jpeg,1,PNEUMONIA,1,PNEUMONIA,0.510823667049408,0.510823667049408,True
467,person1676_virus_2892.jpeg,C:\Users\lohit\Downloads\archive\chest_xray\test\PNEUMONIA\person1676_virus_2892.jpeg,1,PNEUMONIA,1,PNEUMONIA,0.5358736515045166,0.5358736515045166,True
468,person1678_virus_2895.jpeg,C:\Users\lohit\Downloads\archive\chest_xray\test\PNEUMONIA\person1678_virus_2895.jpeg,1,PNEUMONIA,0,NORMAL,0.4370603561401367,0.5629396438598633,False
469,person1679_virus_2896.jpeg,C:\Users\lohit\Downloads\archive\chest_xray\test\PNEUMONIA\person1679_virus_2896.jpeg,1,PNEUMONIA,1,PNEUMONIA,0.6638448238372803,0.6638448238372803,True
470,person1680_virus_2897.jpeg,C:\Users\lohit\Downloads\archive\chest_xray\test\PNEUMONIA\person1680_virus_2897.jpeg,1,PNEUMONIA,0,NORMAL,0.4686477482318878,0.5313522815704346,False
471,person1682_virus_2899.jpeg,C:\Users\lohit\Downloads\archive\chest_xray\test\PNEUMONIA\person1682_virus_2899.jpeg,1,PNEUMONIA,1,PNEUMONIA,0.8734449148178101,0.8734449148178101,True
472,person1685_virus_2903.jpeg,C:\Users\lohit\Downloads\archive\chest_xray\test\PNEUMONIA\person1685_virus_2903.jpeg,1,PNEUMONIA,1,PNEUMONIA,0.5921681523323059,0.5921681523323059,True
473,person16_virus_47.jpeg,C:\Users\lohit\Downloads\archive\chest_xray\test\PNEUMONIA\person16_virus_47.jpeg,1,PNEUMONIA,0,NORMAL,0.3529627025127411,0.6470372676849365,False
474,person171_bacteria_826.jpeg,C:\Users\lohit\Downloads\archive\chest_xray\test\PNEUMONIA\person171_bacteria_826.jpeg,1,PNEUMONIA,1,PNEUMONIA,0.845666229724884,0.845666229724884,True
475,person172_bacteria_827.jpeg,C:\Users\lohit\Downloads\archive\chest_xray\test\PNEUMONIA\person172_bacteria_827.jpeg,1,PNEUMONIA,1,PNEUMONIA,0.798031747341156,0.798031747341156,True
476,person172_bacteria_828.jpeg,C:\Users\lohit\Downloads\archive\chest_xray\test\PNEUMONIA\person172_bacteria_828.jpeg,1,PNEUMONIA,0,NORMAL,0.36692488193511963,0.6330751180648804,False
477,person173_bacteria_829.jpeg,C:\Users\lohit\Downloads\archive\chest_xray\test\PNEUMONIA\person173_bacteria_829.jpeg,1,PNEUMONIA,1,PNEUMONIA,0.6192558407783508,0.6192558407783508,True
478,person173_bacteria_830.jpeg,C:\Users\lohit\Downloads\archive\chest_xray\test\PNEUMONIA\person173_bacteria_830.jpeg,1,PNEUMONIA,1,PNEUMONIA,0.6547876596450806,0.6547876596450806,True
479,person173_bacteria_831.jpeg,C:\Users\lohit\Downloads\archive\chest_xray\test\PNEUMONIA\person173_bacteria_831.jpeg,1,PNEUMONIA,0,NORMAL,0.1480080783367157,0.8519919514656067,False
480,person174_bacteria_832.jpeg,C:\Users\lohit\Downloads\archive\chest_xray\test\PNEUMONIA\person174_bacteria_832.jpeg,1,PNEUMONIA,1,PNEUMONIA,0.7174517512321472,0.7174517512321472,True
481,person175_bacteria_833.jpeg,C:\Users\lohit\Downloads\archive\chest_xray\test\PNEUMONIA\person175_bacteria_833.jpeg,1,PNEUMONIA,1,PNEUMONIA,0.62214595079422,0.62214595079422,True
482,person175_bacteria_834.jpeg,C:\Users\lohit\Downloads\archive\chest_xray\test\PNEUMONIA\person175_bacteria_834.jpeg,1,PNEUMONIA,0,NORMAL,0.4497218132019043,0.5502781867980957,False
483,person175_bacteria_835.jpeg,C:\Users\lohit\Downloads\archive\chest_xray\test\PNEUMONIA\person175_bacteria_835.jpeg,1,PNEUMONIA,1,PNEUMONIA,0.6807895302772522,0.6807895302772522,True
484,person17_virus_48.jpeg,C:\Users\lohit\Downloads\archive\chest_xray\test\PNEUMONIA\person17_virus_48.jpeg,1,PNEUMONIA,1,PNEUMONIA,0.6332522630691528,0.6332522630691528,True
485,person18_virus_49.jpeg,C:\Users\lohit\Downloads\archive\chest_xray\test\PNEUMONIA\person18_virus_49.jpeg,1,PNEUMONIA,1,PNEUMONIA,0.5213552713394165,0.5213552713394165,True
486,person19_virus_50.jpeg,C:\Users\lohit\Downloads\archive\chest_xray\test\PNEUMONIA\person19_virus_50.jpeg,1,PNEUMONIA,0,NORMAL,0.39232853055000305,0.6076714396476746,False
487,person1_virus_11.jpeg,C:\Users\lohit\Downloads\archive\chest_xray\test\PNEUMONIA\person1_virus_11.jpeg,1,PNEUMONIA,1,PNEUMONIA,0.9378024339675903,0.9378024339675903,True
488,person1_virus_12.jpeg,C:\Users\lohit\Downloads\archive\chest_xray\test\PNEUMONIA\person1_virus_12.jpeg,1,PNEUMONIA,1,PNEUMONIA,0.9075789451599121,0.9075789451599121,True
489,person1_virus_13.jpeg,C:\Users\lohit\Downloads\archive\chest_xray\test\PNEUMONIA\person1_virus_13.jpeg,1,PNEUMONIA,1,PNEUMONIA,0.5540159940719604,0.5540159940719604,True
490,person1_virus_6.jpeg,C:\Users\lohit\Downloads\archive\chest_xray\test\PNEUMONIA\person1_virus_6.jpeg,1,PNEUMONIA,1,PNEUMONIA,0.7193590998649597,0.7193590998649597,True
491,person1_virus_7.jpeg,C:\Users\lohit\Downloads\archive\chest_xray\test\PNEUMONIA\person1_virus_7.jpeg,1,PNEUMONIA,1,PNEUMONIA,0.832016110420227,0.832016110420227,True
492,person1_virus_8.jpeg,C:\Users\lohit\Downloads\archive\chest_xray\test\PNEUMONIA\person1_virus_8.jpeg,1,PNEUMONIA,1,PNEUMONIA,0.579025387763977,0.579025387763977,True
493,person1_virus_9.jpeg,C:\Users\lohit\Downloads\archive\chest_xray\test\PNEUMONIA\person1_virus_9.jpeg,1,PNEUMONIA,1,PNEUMONIA,0.7479976415634155,0.7479976415634155,True
494,person20_virus_51.jpeg,C:\Users\lohit\Downloads\archive\chest_xray\test\PNEUMONIA\person20_virus_51.jpeg,1,PNEUMONIA,0,NORMAL,0.40751272439956665,0.5924872159957886,False
495,person21_virus_52.jpeg,C:\Users\lohit\Downloads\archive\chest_xray\test\PNEUMONIA\person21_virus_52.jpeg,1,PNEUMONIA,1,PNEUMONIA,0.74661785364151,0.74661785364151,True
496,person21_virus_53.jpeg,C:\Users\lohit\Downloads\archive\chest_xray\test\PNEUMONIA\person21_virus_53.jpeg,1,PNEUMONIA,0,NORMAL,0.4191519320011139,0.5808480978012085,False
497,person22_virus_54.jpeg,C:\Users\lohit\Downloads\archive\chest_xray\test\PNEUMONIA\person22_virus_54.jpeg,1,PNEUMONIA,1,PNEUMONIA,0.6011292934417725,0.6011292934417725,True
498,person22_virus_55.jpeg,C:\Users\lohit\Downloads\archive\chest_xray\test\PNEUMONIA\person22_virus_55.jpeg,1,PNEUMONIA,1,PNEUMONIA,0.6615135073661804,0.6615135073661804,True
499,person23_virus_56.jpeg,C:\Users\lohit\Downloads\archive\chest_xray\test\PNEUMONIA\person23_virus_56.jpeg,1,PNEUMONIA,1,PNEUMONIA,0.6245231628417969,0.6245231628417969,True
500,person24_virus_58.jpeg,C:\Users\lohit\Downloads\archive\chest_xray\test\PNEUMONIA\person24_virus_58.jpeg,1,PNEUMONIA,0,NORMAL,0.48826873302459717,0.5117312073707581,False
501,person25_virus_59.jpeg,C:\Users\lohit\Downloads\archive\chest_xray\test\PNEUMONIA\person25_virus_59.jpeg,1,PNEUMONIA,0,NORMAL,0.45389530062675476,0.5461047291755676,False
502,person26_virus_60.jpeg,C:\Users\lohit\Downloads\archive\chest_xray\test\PNEUMONIA\person26_virus_60.jpeg,1,PNEUMONIA,1,PNEUMONIA,0.8407986760139465,0.8407986760139465,True
503,person28_virus_62.jpeg,C:\Users\lohit\Downloads\archive\chest_xray\test\PNEUMONIA\person28_virus_62.jpeg,1,PNEUMONIA,0,NORMAL,0.4672728180885315,0.5327271819114685,False
504,person28_virus_63.jpeg,C:\Users\lohit\Downloads\archive\chest_xray\test\PNEUMONIA\person28_virus_63.jpeg,1,PNEUMONIA,0,NORMAL,0.32713815569877625,0.6728618741035461,False
505,person29_virus_64.jpeg,C:\Users\lohit\Downloads\archive\chest_xray\test\PNEUMONIA\person29_virus_64.jpeg,1,PNEUMONIA,1,PNEUMONIA,0.5225099921226501,0.5225099921226501,True
506,person30_virus_69.jpeg,C:\Users\lohit\Downloads\archive\chest_xray\test\PNEUMONIA\person30_virus_69.jpeg,1,PNEUMONIA,0,NORMAL,0.49687355756759644,0.5031263828277588,False
507,person31_virus_70.jpeg,C:\Users\lohit\Downloads\archive\chest_xray\test\PNEUMONIA\person31_virus_70.jpeg,1,PNEUMONIA,1,PNEUMONIA,0.6381122469902039,0.6381122469902039,True
508,person32_virus_71.jpeg,C:\Users\lohit\Downloads\archive\chest_xray\test\PNEUMONIA\person32_virus_71.jpeg,1,PNEUMONIA,1,PNEUMONIA,0.5199525356292725,0.5199525356292725,True
509,person33_virus_72.jpeg,C:\Users\lohit\Downloads\archive\chest_xray\test\PNEUMONIA\person33_virus_72.jpeg,1,PNEUMONIA,1,PNEUMONIA,0.6290580034255981,0.6290580034255981,True
510,person34_virus_76.jpeg,C:\Users\lohit\Downloads\archive\chest_xray\test\PNEUMONIA\person34_virus_76.jpeg,1,PNEUMONIA,1,PNEUMONIA,0.5672457218170166,0.5672457218170166,True
511,person35_virus_80.jpeg,C:\Users\lohit\Downloads\archive\chest_xray\test\PNEUMONIA\person35_virus_80.jpeg,1,PNEUMONIA,0,NORMAL,0.4752018451690674,0.5247980952262878,False
512,person36_virus_81.jpeg,C:\Users\lohit\Downloads\archive\chest_xray\test\PNEUMONIA\person36_virus_81.jpeg,1,PNEUMONIA,1,PNEUMONIA,0.5559067130088806,0.5559067130088806,True
513,person37_virus_82.jpeg,C:\Users\lohit\Downloads\archive\chest_xray\test\PNEUMONIA\person37_virus_82.jpeg,1,PNEUMONIA,1,PNEUMONIA,0.5042814016342163,0.5042814016342163,True
514,person38_virus_83.jpeg,C:\Users\lohit\Downloads\archive\chest_xray\test\PNEUMONIA\person38_virus_83.jpeg,1,PNEUMONIA,1,PNEUMONIA,0.5085228681564331,0.5085228681564331,True
515,person38_virus_84.jpeg,C:\Users\lohit\Downloads\archive\chest_xray\test\PNEUMONIA\person38_virus_84.jpeg,1,PNEUMONIA,1,PNEUMONIA,0.5889444351196289,0.5889444351196289,True
516,person39_virus_85.jpeg,C:\Users\lohit\Downloads\archive\chest_xray\test\PNEUMONIA\person39_virus_85.jpeg,1,PNEUMONIA,1,PNEUMONIA,0.7035354971885681,0.7035354971885681,True
517,person3_virus_15.jpeg,C:\Users\lohit\Downloads\archive\chest_xray\test\PNEUMONIA\person3_virus_15.jpeg,1,PNEUMONIA,1,PNEUMONIA,0.5649269223213196,0.5649269223213196,True
518,person3_virus_16.jpeg,C:\Users\lohit\Downloads\archive\chest_xray\test\PNEUMONIA\person3_virus_16.jpeg,1,PNEUMONIA,1,PNEUMONIA,0.7167654037475586,0.7167654037475586,True
519,person3_virus_17.jpeg,C:\Users\lohit\Downloads\archive\chest_xray\test\PNEUMONIA\person3_virus_17.jpeg,1,PNEUMONIA,0,NORMAL,0.4320344030857086,0.5679656267166138,False
520,person40_virus_87.jpeg,C:\Users\lohit\Downloads\archive\chest_xray\test\PNEUMONIA\person40_virus_87.jpeg,1,PNEUMONIA,0,NORMAL,0.4437585175037384,0.556241512298584,False
521,person41_virus_88.jpeg,C:\Users\lohit\Downloads\archive\chest_xray\test\PNEUMONIA\person41_virus_88.jpeg,1,PNEUMONIA,0,NORMAL,0.34826958179473877,0.6517304182052612,False
522,person42_virus_89.jpeg,C:\Users\lohit\Downloads\archive\chest_xray\test\PNEUMONIA\person42_virus_89.jpeg,1,PNEUMONIA,1,PNEUMONIA,0.5855501890182495,0.5855501890182495,True
523,person43_virus_92.jpeg,C:\Users\lohit\Downloads\archive\chest_xray\test\PNEUMONIA\person43_virus_92.jpeg,1,PNEUMONIA,1,PNEUMONIA,0.5524544715881348,0.5524544715881348,True
524,person44_virus_93.jpeg,C:\Users\lohit\Downloads\archive\chest_xray\test\PNEUMONIA\person44_virus_93.jpeg,1,PNEUMONIA,0,NORMAL,0.4936383366584778,0.5063616633415222,False
525,person44_virus_94.jpeg,C:\Users\lohit\Downloads\archive\chest_xray\test\PNEUMONIA\person44_virus_94.jpeg,1,PNEUMONIA,0,NORMAL,0.3814818263053894,0.6185181736946106,False
526,person45_virus_95.jpeg,C:\Users\lohit\Downloads\archive\chest_xray\test\PNEUMONIA\person45_virus_95.jpeg,1,PNEUMONIA,0,NORMAL,0.4113227128982544,0.5886772871017456,False
527,person46_virus_96.jpeg,C:\Users\lohit\Downloads\archive\chest_xray\test\PNEUMONIA\person46_virus_96.jpeg,1,PNEUMONIA,0,NORMAL,0.3011748492717743,0.6988251805305481,False
528,person47_virus_99.jpeg,C:\Users\lohit\Downloads\archive\chest_xray\test\PNEUMONIA\person47_virus_99.jpeg,1,PNEUMONIA,1,PNEUMONIA,0.5062713027000427,0.5062713027000427,True
529,person48_virus_100.jpeg,C:\Users\lohit\Downloads\archive\chest_xray\test\PNEUMONIA\person48_virus_100.jpeg,1,PNEUMONIA,0,NORMAL,0.44266951084136963,0.5573304891586304,False
530,person49_virus_101.jpeg,C:\Users\lohit\Downloads\archive\chest_xray\test\PNEUMONIA\person49_virus_101.jpeg,1,PNEUMONIA,0,NORMAL,0.3714841604232788,0.6285157799720764,False
531,person50_virus_102.jpeg,C:\Users\lohit\Downloads\archive\chest_xray\test\PNEUMONIA\person50_virus_102.jpeg,1,PNEUMONIA,1,PNEUMONIA,0.6394187211990356,0.6394187211990356,True
532,person51_virus_105.jpeg,C:\Users\lohit\Downloads\archive\chest_xray\test\PNEUMONIA\person51_virus_105.jpeg,1,PNEUMONIA,1,PNEUMONIA,0.5306605100631714,0.5306605100631714,True
533,person52_virus_106.jpeg,C:\Users\lohit\Downloads\archive\chest_xray\test\PNEUMONIA\person52_virus_106.jpeg,1,PNEUMONIA,1,PNEUMONIA,0.6888859272003174,0.6888859272003174,True
534,person53_virus_107.jpeg,C:\Users\lohit\Downloads\archive\chest_xray\test\PNEUMONIA\person53_virus_107.jpeg,1,PNEUMONIA,1,PNEUMONIA,0.6231335997581482,0.6231335997581482,True
535,person53_virus_108.jpeg,C:\Users\lohit\Downloads\archive\chest_xray\test\PNEUMONIA\person53_virus_108.jpeg,1,PNEUMONIA,1,PNEUMONIA,0.6323689222335815,0.6323689222335815,True
536,person54_virus_109.jpeg,C:\Users\lohit\Downloads\archive\chest_xray\test\PNEUMONIA\person54_virus_109.jpeg,1,PNEUMONIA,1,PNEUMONIA,0.6340442299842834,0.6340442299842834,True
537,person55_virus_110.jpeg,C:\Users\lohit\Downloads\archive\chest_xray\test\PNEUMONIA\person55_virus_110.jpeg,1,PNEUMONIA,1,PNEUMONIA,0.6183663010597229,0.6183663010597229,True
538,person56_virus_112.jpeg,C:\Users\lohit\Downloads\archive\chest_xray\test\PNEUMONIA\person56_virus_112.jpeg,1,PNEUMONIA,1,PNEUMONIA,0.5736017823219299,0.5736017823219299,True
539,person57_virus_113.jpeg,C:\Users\lohit\Downloads\archive\chest_xray\test\PNEUMONIA\person57_virus_113.jpeg,1,PNEUMONIA,0,NORMAL,0.48562145233154297,0.5143784880638123,False
540,person59_virus_116.jpeg,C:\Users\lohit\Downloads\archive\chest_xray\test\PNEUMONIA\person59_virus_116.jpeg,1,PNEUMONIA,1,PNEUMONIA,0.707659125328064,0.707659125328064,True
541,person60_virus_117.jpeg,C:\Users\lohit\Downloads\archive\chest_xray\test\PNEUMONIA\person60_virus_117.jpeg,1,PNEUMONIA,1,PNEUMONIA,0.5170264840126038,0.5170264840126038,True
542,person61_virus_118.jpeg,C:\Users\lohit\Downloads\archive\chest_xray\test\PNEUMONIA\person61_virus_118.jpeg,1,PNEUMONIA,1,PNEUMONIA,0.7432951331138611,0.7432951331138611,True
543,person62_virus_119.jpeg,C:\Users\lohit\Downloads\archive\chest_xray\test\PNEUMONIA\person62_virus_119.jpeg,1,PNEUMONIA,1,PNEUMONIA,0.5394287109375,0.5394287109375,True
544,person63_virus_121.jpeg,C:\Users\lohit\Downloads\archive\chest_xray\test\PNEUMONIA\person63_virus_121.jpeg,1,PNEUMONIA,0,NORMAL,0.4850364029407501,0.5149636268615723,False
545,person64_virus_122.jpeg,C:\Users\lohit\Downloads\archive\chest_xray\test\PNEUMONIA\person64_virus_122.jpeg,1,PNEUMONIA,1,PNEUMONIA,0.5060662627220154,0.5060662627220154,True
546,person65_virus_123.jpeg,C:\Users\lohit\Downloads\archive\chest_xray\test\PNEUMONIA\person65_virus_123.jpeg,1,PNEUMONIA,1,PNEUMONIA,0.5921982526779175,0.5921982526779175,True
547,person66_virus_125.jpeg,C:\Users\lohit\Downloads\archive\chest_xray\test\PNEUMONIA\person66_virus_125.jpeg,1,PNEUMONIA,0,NORMAL,0.44735607504844666,0.552643895149231,False
548,person67_virus_126.jpeg,C:\Users\lohit\Downloads\archive\chest_xray\test\PNEUMONIA\person67_virus_126.jpeg,1,PNEUMONIA,0,NORMAL,0.47766247391700745,0.5223375558853149,False
549,person69_virus_129.jpeg,C:\Users\lohit\Downloads\archive\chest_xray\test\PNEUMONIA\person69_virus_129.jpeg,1,PNEUMONIA,0,NORMAL,0.4523080587387085,0.5476918816566467,False
550,person70_virus_130.jpeg,C:\Users\lohit\Downloads\archive\chest_xray\test\PNEUMONIA\person70_virus_130.jpeg,1,PNEUMONIA,1,PNEUMONIA,0.537540853023529,0.537540853023529,True
551,person71_virus_131.jpeg,C:\Users\lohit\Downloads\archive\chest_xray\test\PNEUMONIA\person71_virus_131.jpeg,1,PNEUMONIA,1,PNEUMONIA,0.5767605900764465,0.5767605900764465,True
552,person71_virus_132.jpeg,C:\Users\lohit\Downloads\archive\chest_xray\test\PNEUMONIA\person71_virus_132.jpeg,1,PNEUMONIA,0,NORMAL,0.4668598771095276,0.5331401228904724,False
553,person72_virus_133.jpeg,C:\Users\lohit\Downloads\archive\chest_xray\test\PNEUMONIA\person72_virus_133.jpeg,1,PNEUMONIA,1,PNEUMONIA,0.7630262970924377,0.7630262970924377,True
554,person74_virus_135.jpeg,C:\Users\lohit\Downloads\archive\chest_xray\test\PNEUMONIA\person74_virus_135.jpeg,1,PNEUMONIA,0,NORMAL,0.49905842542648315,0.5009416341781616,False
555,person75_virus_136.jpeg,C:\Users\lohit\Downloads\archive\chest_xray\test\PNEUMONIA\person75_virus_136.jpeg,1,PNEUMONIA,1,PNEUMONIA,0.5060091018676758,0.5060091018676758,True
556,person76_virus_138.jpeg,C:\Users\lohit\Downloads\archive\chest_xray\test\PNEUMONIA\person76_virus_138.jpeg,1,PNEUMONIA,0,NORMAL,0.4074481129646301,0.5925518870353699,False
557,person77_virus_139.jpeg,C:\Users\lohit\Downloads\archive\chest_xray\test\PNEUMONIA\person77_virus_139.jpeg,1,PNEUMONIA,1,PNEUMONIA,0.5274068117141724,0.5274068117141724,True
558,person78_bacteria_378.jpeg,C:\Users\lohit\Downloads\archive\chest_xray\test\PNEUMONIA\person78_bacteria_378.jpeg,1,PNEUMONIA,1,PNEUMONIA,0.6939743161201477,0.6939743161201477,True
559,person78_bacteria_380.jpeg,C:\Users\lohit\Downloads\archive\chest_xray\test\PNEUMONIA\person78_bacteria_380.jpeg,1,PNEUMONIA,1,PNEUMONIA,0.784029483795166,0.784029483795166,True
560,person78_bacteria_381.jpeg,C:\Users\lohit\Downloads\archive\chest_xray\test\PNEUMONIA\person78_bacteria_381.jpeg,1,PNEUMONIA,1,PNEUMONIA,0.5263010263442993,0.5263010263442993,True
561,person78_bacteria_382.jpeg,C:\Users\lohit\Downloads\archive\chest_xray\test\PNEUMONIA\person78_bacteria_382.jpeg,1,PNEUMONIA,0,NORMAL,0.44965660572052,0.5503434538841248,False
562,person78_bacteria_384.jpeg,C:\Users\lohit\Downloads\archive\chest_xray\test\PNEUMONIA\person78_bacteria_384.jpeg,1,PNEUMONIA,1,PNEUMONIA,0.743901789188385,0.743901789188385,True
563,person78_bacteria_385.jpeg,C:\Users\lohit\Downloads\archive\chest_xray\test\PNEUMONIA\person78_bacteria_385.jpeg,1,PNEUMONIA,0,NORMAL,0.45214417576789856,0.547855794429779,False
564,person78_bacteria_386.jpeg,C:\Users\lohit\Downloads\archive\chest_xray\test\PNEUMONIA\person78_bacteria_386.jpeg,1,PNEUMONIA,1,PNEUMONIA,0.7817531824111938,0.7817531824111938,True
565,person78_bacteria_387.jpeg,C:\Users\lohit\Downloads\archive\chest_xray\test\PNEUMONIA\person78_bacteria_387.jpeg,1,PNEUMONIA,0,NORMAL,0.45493456721305847,0.5450654029846191,False
566,person78_virus_140.jpeg,C:\Users\lohit\Downloads\archive\chest_xray\test\PNEUMONIA\person78_virus_140.jpeg,1,PNEUMONIA,1,PNEUMONIA,0.6727680563926697,0.6727680563926697,True
567,person79_virus_148.jpeg,C:\Users\lohit\Downloads\archive\chest_xray\test\PNEUMONIA\person79_virus_148.jpeg,1,PNEUMONIA,1,PNEUMONIA,0.6499238610267639,0.6499238610267639,True
568,person80_bacteria_389.jpeg,C:\Users\lohit\Downloads\archive\chest_xray\test\PNEUMONIA\person80_bacteria_389.jpeg,1,PNEUMONIA,1,PNEUMONIA,0.5144122242927551,0.5144122242927551,True
569,person80_bacteria_390.jpeg,C:\Users\lohit\Downloads\archive\chest_xray\test\PNEUMONIA\person80_bacteria_390.jpeg,1,PNEUMONIA,1,PNEUMONIA,0.7192312479019165,0.7192312479019165,True
570,person80_bacteria_391.jpeg,C:\Users\lohit\Downloads\archive\chest_xray\test\PNEUMONIA\person80_bacteria_391.jpeg,1,PNEUMONIA,1,PNEUMONIA,0.5302339196205139,0.5302339196205139,True
571,person80_bacteria_392.jpeg,C:\Users\lohit\Downloads\archive\chest_xray\test\PNEUMONIA\person80_bacteria_392.jpeg,1,PNEUMONIA,0,NORMAL,0.35319608449935913,0.6468039155006409,False
572,person80_bacteria_393.jpeg,C:\Users\lohit\Downloads\archive\chest_xray\test\PNEUMONIA\person80_bacteria_393.jpeg,1,PNEUMONIA,0,NORMAL,0.36696359515190125,0.6330364346504211,False
573,person81_bacteria_395.jpeg,C:\Users\lohit\Downloads\archive\chest_xray\test\PNEUMONIA\person81_bacteria_395.jpeg,1,PNEUMONIA,1,PNEUMONIA,0.6188145279884338,0.6188145279884338,True
574,person81_bacteria_396.jpeg,C:\Users\lohit\Downloads\archive\chest_xray\test\PNEUMONIA\person81_bacteria_396.jpeg,1,PNEUMONIA,0,NORMAL,0.4814660847187042,0.5185339450836182,False
575,person81_bacteria_397.jpeg,C:\Users\lohit\Downloads\archive\chest_xray\test\PNEUMONIA\person81_bacteria_397.jpeg,1,PNEUMONIA,1,PNEUMONIA,0.5537492036819458,0.5537492036819458,True
576,person81_bacteria_398.jpeg,C:\Users\lohit\Downloads\archive\chest_xray\test\PNEUMONIA\person81_bacteria_398.jpeg,1,PNEUMONIA,1,PNEUMONIA,0.5255945920944214,0.5255945920944214,True
577,person82_bacteria_402.jpeg,C:\Users\lohit\Downloads\archive\chest_xray\test\PNEUMONIA\person82_bacteria_402.jpeg,1,PNEUMONIA,0,NORMAL,0.47434642910957336,0.525653600692749,False
578,person82_bacteria_403.jpeg,C:\Users\lohit\Downloads\archive\chest_xray\test\PNEUMONIA\person82_bacteria_403.jpeg,1,PNEUMONIA,1,PNEUMONIA,0.5053256750106812,0.5053256750106812,True
579,person82_bacteria_404.jpeg,C:\Users\lohit\Downloads\archive\chest_xray\test\PNEUMONIA\person82_bacteria_404.jpeg,1,PNEUMONIA,1,PNEUMONIA,0.845167875289917,0.845167875289917,True
580,person82_bacteria_405.jpeg,C:\Users\lohit\Downloads\archive\chest_xray\test\PNEUMONIA\person82_bacteria_405.jpeg,1,PNEUMONIA,1,PNEUMONIA,0.7311640977859497,0.7311640977859497,True
581,person83_bacteria_407.jpeg,C:\Users\lohit\Downloads\archive\chest_xray\test\PNEUMONIA\person83_bacteria_407.jpeg,1,PNEUMONIA,0,NORMAL,0.3254196047782898,0.674580454826355,False
582,person83_bacteria_409.jpeg,C:\Users\lohit\Downloads\archive\chest_xray\test\PNEUMONIA\person83_bacteria_409.jpeg,1,PNEUMONIA,0,NORMAL,0.48794615268707275,0.512053906917572,False
583,person83_bacteria_410.jpeg,C:\Users\lohit\Downloads\archive\chest_xray\test\PNEUMONIA\person83_bacteria_410.jpeg,1,PNEUMONIA,1,PNEUMONIA,0.7743692994117737,0.7743692994117737,True
584,person83_bacteria_411.jpeg,C:\Users\lohit\Downloads\archive\chest_xray\test\PNEUMONIA\person83_bacteria_411.jpeg,1,PNEUMONIA,0,NORMAL,0.28721514344215393,0.7127848267555237,False
585,person83_bacteria_412.jpeg,C:\Users\lohit\Downloads\archive\chest_xray\test\PNEUMONIA\person83_bacteria_412.jpeg,1,PNEUMONIA,1,PNEUMONIA,0.8960170149803162,0.8960170149803162,True
586,person83_bacteria_414.jpeg,C:\Users\lohit\Downloads\archive\chest_xray\test\PNEUMONIA\person83_bacteria_414.jpeg,1,PNEUMONIA,0,NORMAL,0.3516191840171814,0.6483808159828186,False
587,person85_bacteria_417.jpeg,C:\Users\lohit\Downloads\archive\chest_xray\test\PNEUMONIA\person85_bacteria_417.jpeg,1,PNEUMONIA,1,PNEUMONIA,0.5866687297821045,0.5866687297821045,True
588,person85_bacteria_419.jpeg,C:\Users\lohit\Downloads\archive\chest_xray\test\PNEUMONIA\person85_bacteria_419.jpeg,1,PNEUMONIA,1,PNEUMONIA,0.5174009203910828,0.5174009203910828,True
589,person85_bacteria_421.jpeg,C:\Users\lohit\Downloads\archive\chest_xray\test\PNEUMONIA\person85_bacteria_421.jpeg,1,PNEUMONIA,0,NORMAL,0.36609357595443726,0.6339064240455627,False
590,person85_bacteria_422.jpeg,C:\Users\lohit\Downloads\archive\chest_xray\test\PNEUMONIA\person85_bacteria_422.jpeg,1,PNEUMONIA,1,PNEUMONIA,0.5590915083885193,0.5590915083885193,True
591,person85_bacteria_423.jpeg,C:\Users\lohit\Downloads\archive\chest_xray\test\PNEUMONIA\person85_bacteria_423.jpeg,1,PNEUMONIA,1,PNEUMONIA,0.6367547512054443,0.6367547512054443,True
592,person85_bacteria_424.jpeg,C:\Users\lohit\Downloads\archive\chest_xray\test\PNEUMONIA\person85_bacteria_424.jpeg,1,PNEUMONIA,1,PNEUMONIA,0.5192958116531372,0.5192958116531372,True
593,person86_bacteria_428.jpeg,C:\Users\lohit\Downloads\archive\chest_xray\test\PNEUMONIA\person86_bacteria_428.jpeg,1,PNEUMONIA,1,PNEUMONIA,0.5275028347969055,0.5275028347969055,True
594,person86_bacteria_429.jpeg,C:\Users\lohit\Downloads\archive\chest_xray\test\PNEUMONIA\person86_bacteria_429.jpeg,1,PNEUMONIA,1,PNEUMONIA,0.5940731167793274,0.5940731167793274,True
595,person87_bacteria_433.jpeg,C:\Users\lohit\Downloads\archive\chest_xray\test\PNEUMONIA\person87_bacteria_433.jpeg,1,PNEUMONIA,1,PNEUMONIA,0.6105637550354004,0.6105637550354004,True
596,person87_bacteria_434.jpeg,C:\Users\lohit\Downloads\archive\chest_xray\test\PNEUMONIA\person87_bacteria_434.jpeg,1,PNEUMONIA,1,PNEUMONIA,0.588804304599762,0.588804304599762,True
597,person88_bacteria_437.jpeg,C:\Users\lohit\Downloads\archive\chest_xray\test\PNEUMONIA\person88_bacteria_437.jpeg,1,PNEUMONIA,1,PNEUMONIA,0.7988615036010742,0.7988615036010742,True
598,person88_bacteria_438.jpeg,C:\Users\lohit\Downloads\archive\chest_xray\test\PNEUMONIA\person88_bacteria_438.jpeg,1,PNEUMONIA,1,PNEUMONIA,0.7539550065994263,0.7539550065994263,True
599,person88_bacteria_439.jpeg,C:\Users\lohit\Downloads\archive\chest_xray\test\PNEUMONIA\person88_bacteria_439.jpeg,1,PNEUMONIA,0,NORMAL,0.25577807426452637,0.7442219853401184,False
600,person89_bacteria_440.jpeg,C:\Users\lohit\Downloads\archive\chest_xray\test\PNEUMONIA\person89_bacteria_440.jpeg,1,PNEUMONIA,1,PNEUMONIA,0.7275900840759277,0.7275900840759277,True
601,person8_virus_27.jpeg,C:\Users\lohit\Downloads\archive\chest_xray\test\PNEUMONIA\person8_virus_27.jpeg,1,PNEUMONIA,1,PNEUMONIA,0.6097943782806396,0.6097943782806396,True
602,person8_virus_28.jpeg,C:\Users\lohit\Downloads\archive\chest_xray\test\PNEUMONIA\person8_virus_28.jpeg,1,PNEUMONIA,1,PNEUMONIA,0.5181307792663574,0.5181307792663574,True
603,person90_bacteria_442.jpeg,C:\Users\lohit\Downloads\archive\chest_xray\test\PNEUMONIA\person90_bacteria_442.jpeg,1,PNEUMONIA,1,PNEUMONIA,0.8275005221366882,0.8275005221366882,True
604,person90_bacteria_443.jpeg,C:\Users\lohit\Downloads\archive\chest_xray\test\PNEUMONIA\person90_bacteria_443.jpeg,1,PNEUMONIA,1,PNEUMONIA,0.7871536016464233,0.7871536016464233,True
605,person91_bacteria_445.jpeg,C:\Users\lohit\Downloads\archive\chest_xray\test\PNEUMONIA\person91_bacteria_445.jpeg,1,PNEUMONIA,0,NORMAL,0.3709908127784729,0.6290092468261719,False
606,person91_bacteria_446.jpeg,C:\Users\lohit\Downloads\archive\chest_xray\test\PNEUMONIA\person91_bacteria_446.jpeg,1,PNEUMONIA,1,PNEUMONIA,0.7660348415374756,0.7660348415374756,True
607,person91_bacteria_447.jpeg,C:\Users\lohit\Downloads\archive\chest_xray\test\PNEUMONIA\person91_bacteria_447.jpeg,1,PNEUMONIA,1,PNEUMONIA,0.5674332976341248,0.5674332976341248,True
608,person91_bacteria_448.jpeg,C:\Users\lohit\Downloads\archive\chest_xray\test\PNEUMONIA\person91_bacteria_448.jpeg,1,PNEUMONIA,0,NORMAL,0.3368643820285797,0.6631356477737427,False
609,person91_bacteria_449.jpeg,C:\Users\lohit\Downloads\archive\chest_xray\test\PNEUMONIA\person91_bacteria_449.jpeg,1,PNEUMONIA,1,PNEUMONIA,0.5564680695533752,0.5564680695533752,True
610,person92_bacteria_450.jpeg,C:\Users\lohit\Downloads\archive\chest_xray\test\PNEUMONIA\person92_bacteria_450.jpeg,1,PNEUMONIA,1,PNEUMONIA,0.6356860399246216,0.6356860399246216,True
611,person92_bacteria_451.jpeg,C:\Users\lohit\Downloads\archive\chest_xray\test\PNEUMONIA\person92_bacteria_451.jpeg,1,PNEUMONIA,1,PNEUMONIA,0.7784812450408936,0.7784812450408936,True
612,person93_bacteria_453.jpeg,C:\Users\lohit\Downloads\archive\chest_xray\test\PNEUMONIA\person93_bacteria_453.jpeg,1,PNEUMONIA,1,PNEUMONIA,0.6911941170692444,0.6911941170692444,True
613,person93_bacteria_454.jpeg,C:\Users\lohit\Downloads\archive\chest_xray\test\PNEUMONIA\person93_bacteria_454.jpeg,1,PNEUMONIA,1,PNEUMONIA,0.6113635301589966,0.6113635301589966,True
614,person94_bacteria_456.jpeg,C:\Users\lohit\Downloads\archive\chest_xray\test\PNEUMONIA\person94_bacteria_456.jpeg,1,PNEUMONIA,0,NORMAL,0.45498767495155334,0.545012354850769,False
615,person94_bacteria_457.jpeg,C:\Users\lohit\Downloads\archive\chest_xray\test\PNEUMONIA\person94_bacteria_457.jpeg,1,PNEUMONIA,1,PNEUMONIA,0.8075338006019592,0.8075338006019592,True
616,person94_bacteria_458.jpeg,C:\Users\lohit\Downloads\archive\chest_xray\test\PNEUMONIA\person94_bacteria_458.jpeg,1,PNEUMONIA,1,PNEUMONIA,0.7498050332069397,0.7498050332069397,True
617,person95_bacteria_463.jpeg,C:\Users\lohit\Downloads\archive\chest_xray\test\PNEUMONIA\person95_bacteria_463.jpeg,1,PNEUMONIA,1,PNEUMONIA,0.5509472489356995,0.5509472489356995,True
618,person96_bacteria_464.jpeg,C:\Users\lohit\Downloads\archive\chest_xray\test\PNEUMONIA\person96_bacteria_464.jpeg,1,PNEUMONIA,1,PNEUMONIA,0.806239902973175,0.806239902973175,True
619,person96_bacteria_465.jpeg,C:\Users\lohit\Downloads\archive\chest_xray\test\PNEUMONIA\person96_bacteria_465.jpeg,1,PNEUMONIA,1,PNEUMONIA,0.7219244837760925,0.7219244837760925,True
620,person96_bacteria_466.jpeg,C:\Users\lohit\Downloads\archive\chest_xray\test\PNEUMONIA\person96_bacteria_466.jpeg,1,PNEUMONIA,1,PNEUMONIA,0.6398515105247498,0.6398515105247498,True
621,person97_bacteria_468.jpeg,C:\Users\lohit\Downloads\archive\chest_xray\test\PNEUMONIA\person97_bacteria_468.jpeg,1,PNEUMONIA,1,PNEUMONIA,0.8561399579048157,0.8561399579048157,True
622,person99_bacteria_473.jpeg,C:\Users\lohit\Downloads\archive\chest_xray\test\PNEUMONIA\person99_bacteria_473.jpeg,1,PNEUMONIA,1,PNEUMONIA,0.6538290977478027,0.6538290977478027,True
623,person99_bacteria_474.jpeg,C:\Users\lohit\Downloads\archive\chest_xray\test\PNEUMONIA\person99_bacteria_474.jpeg,1,PNEUMONIA,0,NORMAL,0.3907882273197174,0.609211802482605,False
